"'rt @mark_senkd:   agora que os sem-terras possuem terras, mas continuam nas ruas e n√£o trabalhando nelas, n√≥s p‚Ä¶ '"
'https://tco/83gmhwynom ‚Ä¶ ruy barbosa - n√£o se deixem enganar pelos cabelos brancos pois os canalhas tamb√©m envelhecem  https://tco/eup46zu'
'https://tco/83gmhwynom ‚Ä¶ ruy barbosa - n√£o se deixem enganar pelos cabelos brancos pois os canalhas tamb√©m envelhecem  https://tco/bfzxxgu'
'https://tco/83gmhwynom ‚Ä¶ ruy barbosa - n√£o se deixem enganar pelos cabelos brancos pois os canalhas tamb√©m envelhecem  https://tco/6aagwm7'
'https://tco/83gmhwynom ‚Ä¶ ruy barbosa - n√£o se deixem enganar pelos cabelos brancos pois os canalhas tamb√©m envelhecem  https://tco/dk2crr8'
'https://tco/83gmhwynom ‚Ä¶ ruy barbosa - n√£o se deixem enganar pelos cabelos brancos pois os canalhas tamb√©m envelhecem  https://tco/qkph4s5'
"'rt @mark_senkd:   agora que os sem-terras possuem terras, mas continuam nas ruas e n√£o trabalhando nelas, n√≥s p‚Ä¶ '"
'https://tco/83gmhwynom ‚Ä¶ ruy barbosa - n√£o se deixem enganar pelos cabelos brancos pois os canalhas tamb√©m envelhecem  https://tco/g2ufdbs'
'https://tco/83gmhwynom ‚Ä¶ ruy barbosa - n√£o se deixem enganar pelos cabelos brancos pois os canalhas tamb√©m envelhecem  https://tco/kyglr9w'
'https://tco/83gmhwynom ‚Ä¶ ruy barbosa - n√£o se deixem enganar pelos cabelos brancos pois os canalhas tamb√©m envelhecem  https://tco/trcm3r0'
'https://tco/83gmhwynom ‚Ä¶ ruy barbosa - n√£o se deixem enganar pelos cabelos brancos pois os canalhas tamb√©m envelhecem  https://tco/x6ouqoj'
"'@lidicedamata @ptbrasil @psbnacional40 @gleisi @pauloteixeira13 @carloszarattini @csiqueirapsb @marciofranca40 @geraldojuliopsb @casagrande_e'
"'rt @mark_senkd:   agora que os sem-terras possuem terras, mas continuam nas ruas e n√£o trabalhando nelas, n√≥s p‚Ä¶ '"
'https://tco/83gmhwynom ‚Ä¶ ruy barbosa - n√£o se deixem enganar pelos cabelos brancos pois os canalhas tamb√©m envelhecem  https://tco/vicxv2h'
'https://tco/83gmhwynom ‚Ä¶ ruy barbosa - n√£o se deixem enganar pelos cabelos brancos pois os canalhas tamb√©m envelhecem  https://tco/pt4kbrk'
'https://tco/83gmhwynom ‚Ä¶ ruy barbosa - n√£o se deixem enganar pelos cabelos brancos pois os canalhas tamb√©m envelhecem  https://tco/kwtyxlk'
'https://tco/83gmhwynom ‚Ä¶ ruy barbosa - n√£o se deixem enganar pelos cabelos brancos pois os canalhas tamb√©m envelhecem  https://tco/kvfm28d'
'https://tco/83gmhwynom ‚Ä¶ ruy barbosa - n√£o se deixem enganar pelos cabelos brancos pois os canalhas tamb√©m envelhecem  https://tco/uix7g9m'
'https://tco/83gmhwynom ‚Ä¶ ruy barbosa - n√£o se deixem enganar pelos cabelos brancos pois os canalhas tamb√©m envelhecem  https://tco/s2j35uc'
'https://tco/83gmhwynom ‚Ä¶ ruy barbosa - n√£o se deixem enganar pelos cabelos brancos pois os canalhas tamb√©m envelhecem  https://tco/bkksumf'
'https://tco/83gmhwynom ‚Ä¶ ruy barbosa - n√£o se deixem enganar pelos cabelos brancos pois os canalhas tamb√©m envelhecem  https://tco/qpvped2'
'https://tco/83gmhwynom ‚Ä¶ ruy barbosa - n√£o se deixem enganar pelos cabelos brancos pois os canalhas tamb√©m envelhecem  https://tco/yzgzfla'
'https://tco/83gmhwynom ‚Ä¶ ruy barbosa - n√£o se deixem enganar pelos cabelos brancos pois os canalhas tamb√©m envelhecem  https://tco/bbthcqh'
'https://tco/83gmhwynom ‚Ä¶ ruy barbosa - n√£o se deixem enganar pelos cabelos brancos pois os canalhas tamb√©m envelhecem  https://tco/uly1ew1'
'https://tco/83gmhwynom ‚Ä¶ ruy barbosa - n√£o se deixem enganar pelos cabelos brancos pois os canalhas tamb√©m envelhecem  https://tco/pomlfnj'
"'rt @mark_senkd:   agora que os sem-terras possuem terras, mas continuam nas ruas e n√£o trabalhando nelas, n√≥s p‚Ä¶ '"
'https://tco/83gmhwynom ‚Ä¶ ruy barbosa - n√£o se deixem enganar pelos cabelos brancos pois os canalhas tamb√©m envelhecem  https://tco/cgt8inh'
"'rt @mark_senkd:   agora que os sem-terras possuem terras, mas continuam nas ruas e n√£o trabalhando nelas, n√≥s p‚Ä¶ '"
'https://tco/83gmhwynom ‚Ä¶ ruy barbosa - n√£o se deixem enganar pelos cabelos brancos pois os canalhas tamb√©m envelhecem  https://tco/58hlvmg'
'https://tco/83gmhwynom ‚Ä¶ ruy barbosa - n√£o se deixem enganar pelos cabelos brancos pois os canalhas tamb√©m envelhecem  https://tco/ccdp1dt'
'https://tco/83gmhwynom ‚Ä¶ ruy barbosa - n√£o se deixem enganar pelos cabelos brancos pois os canalhas tamb√©m envelhecem  https://tco/lalxgkn'
'https://tco/83gmhwynom ‚Ä¶ ruy barbosa - n√£o se deixem enganar pelos cabelos brancos pois os canalhas tamb√©m envelhecem  https://tco/fqhxjq5'
'https://tco/83gmhwynom ‚Ä¶ ruy barbosa - n√£o se deixem enganar pelos cabelos brancos pois os canalhas tamb√©m envelhecem  https://tco/smksthp'
'https://tco/83gmhwynom ‚Ä¶ ruy barbosa - n√£o se deixem enganar pelos cabelos brancos pois os canalhas tamb√©m envelhecem  https://tco/6bssgv5'
'https://tco/83gmhwynom ‚Ä¶ ruy barbosa - n√£o se deixem enganar pelos cabelos brancos pois os canalhas tamb√©m envelhecem  https://tco/gqlixmp'
'rt @leoprr01: mamou na jararaca agora sustenta a ninhada n√£o existe almo√ßo gr√°tis  https://tco/omkekpdqkw'
"'#morteaopetismo   #globolixo   bando de artistas, fdp , canalhas https://tco/gxhziilvbs'"
'@denised98189466 @edilton_costa @fernandoholiday quem tem    mentes doentes  '
"'rt @mark_senkd:   agora que os sem-terras possuem terras, mas continuam nas ruas e n√£o trabalhando nelas, n√≥s p‚Ä¶ '"
'rt @rosevplb: exigimos a pris√£o do l√≠der   https://tco/miqjxfvjcv'
"'rt @mark_senkd:   agora que os sem-terras possuem terras, mas continuam nas ruas e n√£o trabalhando nelas, n√≥s p‚Ä¶ '"
' #globolixo #vejalixo #folhalixo https://tco/3ikvkjw0yh'
'@roxmo vale a pena pagar cadeia para esse ladr√£o '
"'rt @mark_senkd:   agora que os sem-terras possuem terras, mas continuam nas ruas e n√£o trabalhando nelas, n√≥s p‚Ä¶ '"
'https://tco/83gmhwynom ‚Ä¶ ruy barbosa - n√£o se deixem enganar pelos cabelos brancos pois os canalhas tamb√©m envelhecem  https://tco/mxfzrxs'
'https://tco/83gmhwynom ruy barbosa - n√£o se deixem enganar pelos cabelos brancos pois os canalhas tamb√©m envelhecem  #finados https://tco/wb'
"'rt @mark_senkd:   agora que os sem-terras possuem terras, mas continuam nas ruas e n√£o trabalhando nelas, n√≥s p‚Ä¶ '"
'@blogdojefferson @edgaarcia https://tco/83gmhwynom ruy barbosa - n√£o se deixem enganar pelos cabelos brancos pois os canalhas tamb√©m envelhe'
"'rt @mark_senkd:   agora que os sem-terras possuem terras, mas continuam nas ruas e n√£o trabalhando nelas, n√≥s p‚Ä¶ '"
'o populismo destruiu o brasil  https://tco/f3eeyqyd4s'
'@muylaerte @paula2ag https://tco/83gmhwynom ruy barbosa - n√£o se deixem enganar pelos cabelos brancos pois os canalhas tamb√©m envelhecem  #f'
"'rt @mark_senkd: o problema do brasil √© o stf √© a casa de toler√¢ncia com a corrup√ß√£o, a impunidade e o cinismo ‚Ä¶ '"
'bota esses meninos mimados pra trabalhar  rapidinho aprende a votar para quem valoriza o trabalho e n√£o a parasitagem quero  https://tco/fogz'
'  https://tco/uhdecgqrhk'
'rt @jwellingtonmelo: o pt tem corrup√ß√£o at√© em fotos  https://tco/7gowo9bpfe'
'@humbertoreisjr @mark_senkd @isabellniky @mbrasilonline @ritagvplb @sakasakamori @spd_33 @aracibrolo @aeciofaraujo @nelsonfsilva1 @mitags http'
'rt @paulopolitica:   https://tco/uhdecgqrhk'
"'rt @mark_senkd: o problema do brasil √© o stf √© a casa de toler√¢ncia com a corrup√ß√£o, a impunidade e o cinismo ‚Ä¶ '"
'rt @paulopolitica: o populismo destruiu o brasil  https://tco/f3eeyqyd4s'
'@muylaerte https://tco/83gmhwynom ruy barbosa - n√£o se deixem enganar pelos cabelos brancos pois os canalhas tamb√©m envelhecem  #finados htt'
"'rt @mark_senkd:   agora que os sem-terras possuem terras, mas continuam nas ruas e n√£o trabalhando nelas, n√≥s p‚Ä¶ '"
"'rt @mark_senkd:   agora que os sem-terras possuem terras, mas continuam nas ruas e n√£o trabalhando nelas, n√≥s p‚Ä¶ '"
"'@ricamconsult #lulavtnc , junto com #dilmabandida e demais cr√°pulas que saqueiam cofres p√∫blicos neste pa√≠s https://tco/dr23ckr9a9'"
"'rt @mark_senkd:   agora que os sem-terras possuem terras, mas continuam nas ruas e n√£o trabalhando nelas, n√≥s p‚Ä¶ '"
'miss pigma e sua tchurma querem mais dindin pois eu quero  https://tco/yaqyivaif7'
'rt @rosevplb: exigimos a pris√£o do l√≠der   https://tco/miqjxfvjcv'
"'rt @mark_senkd:   agora que os sem-terras possuem terras, mas continuam nas ruas e n√£o trabalhando nelas, n√≥s p‚Ä¶ '"
'muito inoc√™ncia em uma s√≥ pessoa ser√° que santo √© t√£o digno qt ele #sqn  https://tco/evuh6kfawb'
"'rt @mark_senkd:   agora que os sem-terras possuem terras, mas continuam nas ruas e n√£o trabalhando nelas, n√≥s p‚Ä¶ '"
' #esquerdopatas #folhalixo #vejalixo #globolixo #caetanolixo  #ptlixo #forabutler #omolixo #avonlixo https://tco/hj64qx7gpc'
"'@ricamconsult os fabricantes de lixeira n√£o iriam conseg suprir essa demanda , jt com d+ cretinos q sangram o contribuinte brasileiro https:'
"'rt @mark_senkd:   agora que os sem-terras possuem terras, mas continuam nas ruas e n√£o trabalhando nelas, n√≥s p‚Ä¶ '"
'rt @rosevplb: exigimos a pris√£o do l√≠der   https://tco/miqjxfvjcv'
'rt @rosevplb: exigimos a pris√£o do l√≠der   https://tco/miqjxfvjcv'
"'@ricamconsult sabem quem √©h igual ou pior q o corrupto, r: o arrombado, a arrombada, que d√° apoio √† verme flagrado pilhando o estado  http'
"'rt @mark_senkd: o problema do brasil √© o stf √© a casa de toler√¢ncia com a corrup√ß√£o, a impunidade e o cinismo ‚Ä¶ '"
'rt @ederjuniorbh: tem lavar e a cara do  com a justi√ßa  https://tco/ksdumphy7g'
"'rt @mark_senkd:   agora que os sem-terras possuem terras, mas continuam nas ruas e n√£o trabalhando nelas, n√≥s p‚Ä¶ '"
"'rt @mark_senkd:   agora que os sem-terras possuem terras, mas continuam nas ruas e n√£o trabalhando nelas, n√≥s p‚Ä¶ '"
"'rt @mark_senkd: o problema do brasil √© o stf √© a casa de toler√¢ncia com a corrup√ß√£o, a impunidade e o cinismo ‚Ä¶ '"
"'rt @mark_senkd: o problema do brasil √© o stf √© a casa de toler√¢ncia com a corrup√ß√£o, a impunidade e o cinismo ‚Ä¶ '"
"'rt @mark_senkd: o problema do brasil √© o stf √© a casa de toler√¢ncia com a corrup√ß√£o, a impunidade e o cinismo ‚Ä¶ '"
' #bolsonaro2018 https://tco/luwhmgtcgh'
"'rt @mark_senkd:   agora que os sem-terras possuem terras, mas continuam nas ruas e n√£o trabalhando nelas, n√≥s p‚Ä¶ '"
"'@lulapelobrasil,  https://tco/9xvulp2ogt'"
"'lula, a charada est√° nas ruas;todos a estamos enxergando bem, agora n√£o tem mais como enganar o povo hahahha o sol brilha  https://tco/kuzc'
'@souguereira aposto que bebe   #tribunal militar pra lesapatria'
"'rt @mark_senkd: o problema do brasil √© o stf √© a casa de toler√¢ncia com a corrup√ß√£o, a impunidade e o cinismo ‚Ä¶ '"
"'at√© um tal de nulo ganha do luladr√£o, #globolixo   pesquisa p presidente 2018 sem manipula√ß√£o -&gt;&gt;&gt; https://tco/efzrauqwyc https:'
'@macunaimaz  #fimdasvelhasraposas https://tco/potv3mvsxd'
'rt @rosevplb: exigimos a pris√£o do l√≠der   https://tco/miqjxfvjcv'
"'rt @mark_senkd:   agora que os sem-terras possuem terras, mas continuam nas ruas e n√£o trabalhando nelas, n√≥s p‚Ä¶ '"
'rt @rosevplb: exigimos a pris√£o do l√≠der   https://tco/miqjxfvjcv'
'rt @rosevplb: exigimos a pris√£o do l√≠der   https://tco/miqjxfvjcv'
'https://tco/i1as3azpag  #globolixo #folhalixo #vejalixo'
"'rt @mark_senkd:   agora que os sem-terras possuem terras, mas continuam nas ruas e n√£o trabalhando nelas, n√≥s p‚Ä¶ '"
'rt @mark_senkd:   a vaquinha do lula acabou no brejo https://tco/7pjq97fjsm'
"'rt @mark_senkd:   agora que os sem-terras possuem terras, mas continuam nas ruas e n√£o trabalhando nelas, n√≥s p‚Ä¶ '"
'@arisirius @silviofarias001 @giovannarocco @realities_tv @bobiackk @ana9sousa @valdirene8975 @arykame @daniellbravo @joaopatriotico @platao54 '
"'rt @mark_senkd:   agora que os sem-terras possuem terras, mas continuam nas ruas e n√£o trabalhando nelas, n√≥s p‚Ä¶ '"
"'rt @mark_senkd:   agora que os sem-terras possuem terras, mas continuam nas ruas e n√£o trabalhando nelas, n√≥s p‚Ä¶ '"
'#ptlixo #globolixo #esquerdopatas #vejalixo #folhalixo  https://tco/hw4xxjnxgb'
'rt @rosevplb: exigimos a pris√£o do l√≠der   https://tco/miqjxfvjcv'
' #ptlixo #globolixo #vejalixo #folhalixo #esquerdopatas https://tco/yfesd5v8ng'
'rt @rosevplb: exigimos a pris√£o do l√≠der   https://tco/miqjxfvjcv'
"'rt @mark_senkd:   agora que os sem-terras possuem terras, mas continuam nas ruas e n√£o trabalhando nelas, n√≥s p‚Ä¶ '"
"'rt @mark_senkd: o problema do brasil √© o stf √© a casa de toler√¢ncia com a corrup√ß√£o, a impunidade e o cinismo ‚Ä¶ '"
"'rt @mark_senkd:   agora que os sem-terras possuem terras, mas continuam nas ruas e n√£o trabalhando nelas, n√≥s p‚Ä¶ '"
"'rt @mark_senkd: o problema do brasil √© o stf √© a casa de toler√¢ncia com a corrup√ß√£o, a impunidade e o cinismo ‚Ä¶ '"
'@caranovanocongr '
"'solta os nomes, bob jeff, soltaaaaa todos querem saber, bora  #lulavtnc, jt com d+ imundos e imundas https://tco/r5kjenawhg'"
"'rt @mark_senkd:   agora que os sem-terras possuem terras, mas continuam nas ruas e n√£o trabalhando nelas, n√≥s p‚Ä¶ '"
' #boatarde https://tco/jusnvbfz7u'
'rt @rosevplb: exigimos a pris√£o do l√≠der   https://tco/miqjxfvjcv'
'rt @rosevplb: exigimos a pris√£o do l√≠der   https://tco/miqjxfvjcv'
'@rosevplb '
'rt @luiztenda: @rosevplb '
'rt @angeline_maria: @rosevplb @mark_senkd  sim'
'rt @aest1001: @rosevplb sim #lulaladrao '
"'rt @mark_senkd:   agora que os sem-terras possuem terras, mas continuam nas ruas e n√£o trabalhando nelas, n√≥s p‚Ä¶ '"
"'rt @mark_senkd:   agora que os sem-terras possuem terras, mas continuam nas ruas e n√£o trabalhando nelas, n√≥s p‚Ä¶ '"
'@blogdojefferson 36 mil n√£o d√° pra comprar nem uns pedalinhos '
"'rt @mark_senkd: o problema do brasil √© o stf √© a casa de toler√¢ncia com a corrup√ß√£o, a impunidade e o cinismo ‚Ä¶ '"
'rt @rosevplb: exigimos a pris√£o do l√≠der   https://tco/miqjxfvjcv'
"'rt @mark_senkd:   agora que os sem-terras possuem terras, mas continuam nas ruas e n√£o trabalhando nelas, n√≥s p‚Ä¶ '"
'@portalnoarbr t√≠tulo mais do que reconhecido   #foratemer  #for√ßamoro  #bolsonaro2018'
'rt @rosevplb: exigimos a pris√£o do l√≠der   https://tco/miqjxfvjcv'
'@trf4_oficial √© o luladr√£o quando sai a condena√ß√£o '
"'@gleisi @meirelles explica q tivemos 13 anos de 1 governo q institucionalizou a roubalheiran√£o precisa, a imprensa internacional j√° t√° sab'
"'rt @mark_senkd:   agora que os sem-terras possuem terras, mas continuam nas ruas e n√£o trabalhando nelas, n√≥s p‚Ä¶ '"
"'rt @mark_senkd:   agora que os sem-terras possuem terras, mas continuam nas ruas e n√£o trabalhando nelas, n√≥s p‚Ä¶ '"
"'@renovamidia @jorginavbarboza @globonews #globolixo    fdp , canalhas, devassos morte a globo'"
"'rt @mark_senkd:   agora que os sem-terras possuem terras, mas continuam nas ruas e n√£o trabalhando nelas, n√≥s p‚Ä¶ '"
"'rt @mark_senkd: o problema do brasil √© o stf √© a casa de toler√¢ncia com a corrup√ß√£o, a impunidade e o cinismo ‚Ä¶ '"
"'rt @mark_senkd: o problema do brasil √© o stf √© a casa de toler√¢ncia com a corrup√ß√£o, a impunidade e o cinismo ‚Ä¶ '"
"'rt @mark_senkd:   agora que os sem-terras possuem terras, mas continuam nas ruas e n√£o trabalhando nelas, n√≥s p‚Ä¶ '"
'quero  https://tco/hkzomjfzu8'
"'rt @mark_senkd: o problema do brasil √© o stf √© a casa de toler√¢ncia com a corrup√ß√£o, a impunidade e o cinismo ‚Ä¶ '"
"'rt @mark_senkd:   agora que os sem-terras possuem terras, mas continuam nas ruas e n√£o trabalhando nelas, n√≥s p‚Ä¶ '"
'se o mentor de  √© contra #bolsonaro2018 √© sinal de que estamos no caminho certo https://tco/5nm2sdffqi'
'rt @mark_senkd: se o mentor de  √© contra #bolsonaro2018 √© sinal de que estamos no caminho certo https://tco/5nm2sdffqi'
"'rt @mark_senkd:   agora que os sem-terras possuem terras, mas continuam nas ruas e n√£o trabalhando nelas, n√≥s p‚Ä¶ '"
'@carlosbolsonaro '
"'dos grandes intelectuais formadores de opiniao desse pais, e que defendem #minc, quantos tiveram o privilegio da lei rouanet '"
' https://tco/wzghtcndhv'
'rt @mark_senkd: se o mentor de  √© contra #bolsonaro2018 √© sinal de que estamos no caminho certo https://tco/5nm2sdffqi'
'rt @mark_senkd: se o mentor de  √© contra #bolsonaro2018 √© sinal de que estamos no caminho certo https://tco/5nm2sdffqi'
'rt @rosevplb: exigimos a pris√£o do l√≠der   https://tco/miqjxfvjcv'
"'rt @mark_senkd:   agora que os sem-terras possuem terras, mas continuam nas ruas e n√£o trabalhando nelas, n√≥s p‚Ä¶ '"
"'rt @mark_senkd:   agora que os sem-terras possuem terras, mas continuam nas ruas e n√£o trabalhando nelas, n√≥s p‚Ä¶ '"
'lula al√©m de uma farsa sempre ser√° um fiasco    https://tco/6nbjvps1pq'
"'rt @mark_senkd:   agora que os sem-terras possuem terras, mas continuam nas ruas e n√£o trabalhando nelas, n√≥s p‚Ä¶ '"
"'rt @mark_senkd:   agora que os sem-terras possuem terras, mas continuam nas ruas e n√£o trabalhando nelas, n√≥s p‚Ä¶ '"
"'rt @mark_senkd:   agora que os sem-terras possuem terras, mas continuam nas ruas e n√£o trabalhando nelas, n√≥s p‚Ä¶ '"
'rt @izidiooliver: lula al√©m de uma farsa sempre ser√° um fiasco    https://tco/6nbjvps1pq'
"'rt @mark_senkd:   agora que os sem-terras possuem terras, mas continuam nas ruas e n√£o trabalhando nelas, n√≥s p‚Ä¶ '"
"'rt @mark_senkd:   agora que os sem-terras possuem terras, mas continuam nas ruas e n√£o trabalhando nelas, n√≥s p‚Ä¶ '"
'cada 1 fala por si eu estou √© muito focado e digo:   lula √© ladr√£o   https://tco/vpoycxxsdm'
'rt @mark_senkd: se o mentor de  √© contra #bolsonaro2018 √© sinal de que estamos no caminho certo https://tco/5nm2sdffqi'
"'rt @mark_senkd:   agora que os sem-terras possuem terras, mas continuam nas ruas e n√£o trabalhando nelas, n√≥s p‚Ä¶ '"
"'rt @mark_senkd:   agora que os sem-terras possuem terras, mas continuam nas ruas e n√£o trabalhando nelas, n√≥s p‚Ä¶ '"
'rt @rosevplb: exigimos a pris√£o do l√≠der   https://tco/miqjxfvjcv'
'@portalr7 @cosmerimolireal isso se chama chantagem  '
'rt @mark_senkd: se o mentor de  √© contra #bolsonaro2018 √© sinal de que estamos no caminho certo https://tco/5nm2sdffqi'
'rt @izidiooliver: lula al√©m de uma farsa sempre ser√° um fiasco    https://tco/6nbjvps1pq'
'@11carturani @onyxlorenzoni '
"'rt @mark_senkd:   agora que os sem-terras possuem terras, mas continuam nas ruas e n√£o trabalhando nelas, n√≥s p‚Ä¶ '"
'√© preciso ser um cientista pra n√£o entender que lula √© um ladr√£o   https://tco/ktsbowfett'
"'rt @mark_senkd:   agora que os sem-terras possuem terras, mas continuam nas ruas e n√£o trabalhando nelas, n√≥s p‚Ä¶ '"
'rt @artsembh: @fernandoholiday como lula e dilma emparelharam todo o estado üôÄ o legado maldito est√° a√≠  '
"'rt @mark_senkd: o problema do brasil √© o stf √© a casa de toler√¢ncia com a corrup√ß√£o, a impunidade e o cinismo ‚Ä¶ '"
'rt @rosevplb: exigimos a pris√£o do l√≠der   https://tco/miqjxfvjcv'
'rt @rosevplb: exigimos a pris√£o do l√≠der   https://tco/miqjxfvjcv'
'rt @rosevplb: exigimos a pris√£o do l√≠der   https://tco/miqjxfvjcv'
'rt @rosevplb: exigimos a pris√£o do l√≠der   https://tco/miqjxfvjcv'
"'rt @mark_senkd:   agora que os sem-terras possuem terras, mas continuam nas ruas e n√£o trabalhando nelas, n√≥s p‚Ä¶ '"
"'rt @mark_senkd:   agora que os sem-terras possuem terras, mas continuam nas ruas e n√£o trabalhando nelas, n√≥s p‚Ä¶ '"
'rt @rosevplb: exigimos a pris√£o do l√≠der   https://tco/miqjxfvjcv'
'@lulapelobrasil    que exemplo hein lula seu filho https://tco/zsn51trezp'
"'@dilmaresiste @stoppa_leonardo eles est√£o desesperados, mas √© melhor jair se acostumando, @jairbolsonaro vem ai #bolsonaro2018 '"
'rt @mark_senkd: se o mentor de  √© contra #bolsonaro2018 √© sinal de que estamos no caminho certo https://tco/5nm2sdffqi'
"'@conexaopolitica @ary_antipt mortes, prisoes e nada de solucao que sirva de alerta ao brasil  @joicehasselmann @deltanmd'"
'#acordabrasil #diganaocomunismo #diganaosocialismo #foraforodesaopaulo  #luladraonacadeia #intervencaomilitar j√° https://tco/c2cqukrp0a'
'@gleisi  #pt nunca mais'
'@gleisi '
"'rt @mark_senkd:   agora que os sem-terras possuem terras, mas continuam nas ruas e n√£o trabalhando nelas, n√≥s p‚Ä¶ '"
"'rt @mark_senkd:   agora que os sem-terras possuem terras, mas continuam nas ruas e n√£o trabalhando nelas, n√≥s p‚Ä¶ '"
"'rt @mark_senkd: o problema do brasil √© o stf √© a casa de toler√¢ncia com a corrup√ß√£o, a impunidade e o cinismo ‚Ä¶ '"
'kk a vaquinha desse lepra √©h um retrato bem acabado do c√≠nismo dele e de sua corja cad√™ os bilh√µes q ele saqueou do pa√≠s  https://tco/w66'
'rt @rosevplb: exigimos a pris√£o do l√≠der   https://tco/miqjxfvjcv'
"'rt @mark_senkd:   agora que os sem-terras possuem terras, mas continuam nas ruas e n√£o trabalhando nelas, n√≥s p‚Ä¶ '"
'rt @marimpnetto:    https://tco/bhfje9pk5y'
'rt @rosevplb: exigimos a pris√£o do l√≠der   https://tco/miqjxfvjcv'
'rt @aeciofaraujo:  sim https://tco/yj78mguch2'
'@emtempooficial vamos fazer varias camisas com os dizeres  e esperar esse leproso'
"'rt @mark_senkd:   agora que os sem-terras possuem terras, mas continuam nas ruas e n√£o trabalhando nelas, n√≥s p‚Ä¶ '"
'rt @thiagopopov: @emtempooficial uma ideia vsmos todos fazer camisa  #bolsonaro2018 e prestigiar a visita do‚Ä¶ '
"'rt @mark_senkd: o problema do brasil √© o stf √© a casa de toler√¢ncia com a corrup√ß√£o, a impunidade e o cinismo ‚Ä¶ '"
'rt @rosevplb: exigimos a pris√£o do l√≠der   https://tco/miqjxfvjcv'
'rt @rosevplb: exigimos a pris√£o do l√≠der   https://tco/miqjxfvjcv'
"'rt @mark_senkd:   agora que os sem-terras possuem terras, mas continuam nas ruas e n√£o trabalhando nelas, n√≥s p‚Ä¶ '"
"'rt @mark_senkd:   agora que os sem-terras possuem terras, mas continuam nas ruas e n√£o trabalhando nelas, n√≥s p‚Ä¶ '"
"'rt @claudioportuga7: @renovamidia @jorginavbarboza @globonews #globolixo    fdp , canalhas, devassos morte a globo'"
'@gleisi sucesso ser√£o as fotos do dia que o seu ‚Äúpar√ßa ‚Äú for pra cadeia  '
"'@picape2017 @denisestarblue @humbertocostapt s√≥ pra lembrar #bolsonaro2018, , #ptorganiza√ß√£ocriminosa, #ptantrodajumentice, #mortadelafore'
'rt @fabilcp: @gleisi sucesso ser√£o as fotos do dia que o seu ‚Äúpar√ßa ‚Äú for pra cadeia  '
'rt @rosevplb: exigimos a pris√£o do l√≠der   https://tco/miqjxfvjcv'
'rt @rosevplb: exigimos a pris√£o do l√≠der   https://tco/miqjxfvjcv'
'@estadao aqui no brasil muitos est√£o pedindo a pris√£o do  e at√© agora s√≥ m√°fia'
'@sudornelles @estadao  ops  ah √© isso mesmo '
"'rt @mark_senkd:   agora que os sem-terras possuem terras, mas continuam nas ruas e n√£o trabalhando nelas, n√≥s p‚Ä¶ '"
'@gleisi sucesso de p√∫blico vai ser pra ver  o brasil vai parar pra ver essa justi√ßa ser feita'
'rt @rosevplb: exigimos a pris√£o do l√≠der   https://tco/miqjxfvjcv'
'rt @rosevplb: exigimos a pris√£o do l√≠der   https://tco/miqjxfvjcv'
'rt @mark_senkd: se o mentor de  √© contra #bolsonaro2018 √© sinal de que estamos no caminho certo https://tco/5nm2sdffqi'
"'rt @mark_senkd: o problema do brasil √© o stf √© a casa de toler√¢ncia com a corrup√ß√£o, a impunidade e o cinismo ‚Ä¶ '"
'rt @rosevplb: exigimos a pris√£o do l√≠der   https://tco/miqjxfvjcv'
'@mariadorosario @mariadorosario e assim que vcs vivem bando de safados estelionat√°rios natos  #fimdopt #cadeia #safados #vagabundos https://t'
'rt @rosevplb: exigimos a pris√£o do l√≠der   https://tco/miqjxfvjcv'
'@patitabr @lulapelobrasil @belcarvalho5 @ppreacarn @athiabalba @subeida1 @macunaimaz @mariamcastanha   #globolixo morte da esquerda no brasil '
' https://tco/cljtau6gpq'
"'rt @mark_senkd:   agora que os sem-terras possuem terras, mas continuam nas ruas e n√£o trabalhando nelas, n√≥s p‚Ä¶ '"
"'rt @mark_senkd:   agora que os sem-terras possuem terras, mas continuam nas ruas e n√£o trabalhando nelas, n√≥s p‚Ä¶ '"
'rt @rosevplb: exigimos a pris√£o do l√≠der   https://tco/miqjxfvjcv'
"'- lula, t√∫ j√° ensaiou a cara que vai fazer pro urologista no novembro azul - l√≥gico que j√° √© effa aqui √≥, cumpanh√™ro  https://tco/bsfe'
'rt @rosevplb: exigimos a pris√£o do l√≠der   https://tco/miqjxfvjcv'
'@campos_agnaldo @brasil_patria @g1saopaulo #globolixo      morte da esquerda no brasil üáßüá∑'
'@teremrll_ @brasil_patria @g1saopaulo #globolixo    morte da esquerda no brasil üáßüá∑'
'rt @mark_senkd: se o mentor de  √© contra #bolsonaro2018 √© sinal de que estamos no caminho certo https://tco/5nm2sdffqi'
"'rt @mark_senkd:   agora que os sem-terras possuem terras, mas continuam nas ruas e n√£o trabalhando nelas, n√≥s p‚Ä¶ '"
'rt @anaamvs_sanches:  https://tco/xym7k0fss5'
'retweeted ana maria sanches (@anaamvs_sanches):   https://tco/olqzzoh2gz https://tco/5txszjfsls'
'rt @mark_senkd: se o mentor de  √© contra #bolsonaro2018 √© sinal de que estamos no caminho certo https://tco/5nm2sdffqi'
"'rt @mark_senkd:   agora que os sem-terras possuem terras, mas continuam nas ruas e n√£o trabalhando nelas, n√≥s p‚Ä¶ '"
"'rt @mark_senkd:   agora que os sem-terras possuem terras, mas continuam nas ruas e n√£o trabalhando nelas, n√≥s p‚Ä¶ '"
"'rt @mark_senkd:   agora que os sem-terras possuem terras, mas continuam nas ruas e n√£o trabalhando nelas, n√≥s p‚Ä¶ '"
'rt @rosevplb: exigimos a pris√£o do l√≠der   https://tco/miqjxfvjcv'
"'algum petista se arrisca, a responder  gleisy, √© poss√≠vel devolver o que a senhora roubou  #vagabundos  #vaitrabalhar https://tco/tmh2am9iv'
"'rt @direita_blog: na disputa com sergio cabral para ver quem tem mais condena√ß√µes, lula comemora   #oantagonista‚Ä¶ '"
'rt @ederjuniorbh: tem lavar e a cara do  com a justi√ßa  https://tco/ksdumphy7g'
"'rt @mark_senkd:   agora que os sem-terras possuem terras, mas continuam nas ruas e n√£o trabalhando nelas, n√≥s p‚Ä¶ '"
'lula em salinas: popula√ß√£o gritando ladr√£o  https://tco/yorcbck6rq'
'rt @sandrabrasilia: lula em salinas: popula√ß√£o gritando ladr√£o  https://tco/yorcbck6rq'
'rt @sandrabrasilia: lula em salinas: popula√ß√£o gritando ladr√£o  https://tco/yorcbck6rq'
"'rt @mark_senkd:   agora que os sem-terras possuem terras, mas continuam nas ruas e n√£o trabalhando nelas, n√≥s p‚Ä¶ '"
"'algum petista se arrisca, a responder  gleisi, √© poss√≠vel devolver o que a senhora roubou  #vagabundos  #vaitrabalhar https://tco/glrnrdfog'
"'rt @mark_senkd:   agora que os sem-terras possuem terras, mas continuam nas ruas e n√£o trabalhando nelas, n√≥s p‚Ä¶ '"
'rt @sandrabrasilia: lula em salinas: popula√ß√£o gritando ladr√£o  https://tco/yorcbck6rq'
'rt @sandrabrasilia: lula em salinas: popula√ß√£o gritando ladr√£o  https://tco/yorcbck6rq'
"'rt @mark_senkd:   agora que os sem-terras possuem terras, mas continuam nas ruas e n√£o trabalhando nelas, n√≥s p‚Ä¶ '"
"'rt @mark_senkd:   agora que os sem-terras possuem terras, mas continuam nas ruas e n√£o trabalhando nelas, n√≥s p‚Ä¶ '"
'@mestre_tigresa @arisirius @daniellbravo @bobiackk @patitabr @uli_cassilva @deivis_sil @flavi_anna_ @ceribeiro82 @cesartorres2014 '
"'rt @mark_senkd:   agora que os sem-terras possuem terras, mas continuam nas ruas e n√£o trabalhando nelas, n√≥s p‚Ä¶ '"
"'rt @mark_senkd:   agora que os sem-terras possuem terras, mas continuam nas ruas e n√£o trabalhando nelas, n√≥s p‚Ä¶ '"
"'rt @mark_senkd:   agora que os sem-terras possuem terras, mas continuam nas ruas e n√£o trabalhando nelas, n√≥s p‚Ä¶ '"
"'rt @mark_senkd:   agora que os sem-terras possuem terras, mas continuam nas ruas e n√£o trabalhando nelas, n√≥s p‚Ä¶ '"
"'hahaha e com toda a prote√ß√£o higi√™nica poss√≠vel, kk  #lulavtnc, jt com toda a vermelhaiada vagaba e imunda https://tco/yuhijdl8cu'"
"'rt @mark_senkd:   agora que os sem-terras possuem terras, mas continuam nas ruas e n√£o trabalhando nelas, n√≥s p‚Ä¶ '"
'rt @sandrabrasilia: lula em salinas: popula√ß√£o gritando ladr√£o  https://tco/yorcbck6rq'
'rt @rosevplb: exigimos a pris√£o do l√≠der   https://tco/miqjxfvjcv'
'rt @sandrabrasilia: lula em salinas: popula√ß√£o gritando ladr√£o  https://tco/yorcbck6rq'
"'rt @mark_senkd:   agora que os sem-terras possuem terras, mas continuam nas ruas e n√£o trabalhando nelas, n√≥s p‚Ä¶ '"
"'rt @mark_senkd:   agora que os sem-terras possuem terras, mas continuam nas ruas e n√£o trabalhando nelas, n√≥s p‚Ä¶ '"
'rt @sandrabrasilia: lula em salinas: popula√ß√£o gritando ladr√£o  https://tco/yorcbck6rq'
'rt @rosevplb: exigimos a pris√£o do l√≠der   https://tco/miqjxfvjcv'
"'rt @mark_senkd:   agora que os sem-terras possuem terras, mas continuam nas ruas e n√£o trabalhando nelas, n√≥s p‚Ä¶ '"
"'rt @mark_senkd:   agora que os sem-terras possuem terras, mas continuam nas ruas e n√£o trabalhando nelas, n√≥s p‚Ä¶ '"
'@romulopinbr onde quer que ele v√° √© recebido com o mesmo desprezo '
'rt @locerma_timao: @dilmabr abestados prq roubou milh√µes #lula2018 na papuda ou qualquer pres√≠dio #pt nunca mais https://t‚Ä¶'
"'rt @mark_senkd:   agora que os sem-terras possuem terras, mas continuam nas ruas e n√£o trabalhando nelas, n√≥s p‚Ä¶ '"
"'rt @mark_senkd:   agora que os sem-terras possuem terras, mas continuam nas ruas e n√£o trabalhando nelas, n√≥s p‚Ä¶ '"
"'rt @mark_senkd:   agora que os sem-terras possuem terras, mas continuam nas ruas e n√£o trabalhando nelas, n√≥s p‚Ä¶ '"
"'rt @mark_senkd:   agora que os sem-terras possuem terras, mas continuam nas ruas e n√£o trabalhando nelas, n√≥s p‚Ä¶ '"
"'@fabi_aguiar_ eu ia doar algum dinheiro, mas j√° que √© t√£o simples e a senhora est√° t√£o animada, doe vc '"
"'rt @mark_senkd:   agora que os sem-terras possuem terras, mas continuam nas ruas e n√£o trabalhando nelas, n√≥s p‚Ä¶ '"
'rt @sandrabrasilia: lula em salinas: popula√ß√£o gritando ladr√£o  https://tco/yorcbck6rq'
'rt @sandrabrasilia: lula em salinas: popula√ß√£o gritando ladr√£o  https://tco/yorcbck6rq'
'rt @vempraruaminas: bh ter√° ato simb√≥lico amanh√£ para desinfetar a pra√ßa da esta√ß√£o e agora estamos na pra√ßa 7 para gritar  ht‚Ä¶'
'rt @sandrabrasilia: lula em salinas: popula√ß√£o gritando ladr√£o  https://tco/yorcbck6rq'
'rt @rosevplb: exigimos a pris√£o do l√≠der   https://tco/miqjxfvjcv'
"'rt @mark_senkd:   agora que os sem-terras possuem terras, mas continuam nas ruas e n√£o trabalhando nelas, n√≥s p‚Ä¶ '"
"'rt @mark_senkd:   agora que os sem-terras possuem terras, mas continuam nas ruas e n√£o trabalhando nelas, n√≥s p‚Ä¶ '"
"'rt @mark_senkd:   agora que os sem-terras possuem terras, mas continuam nas ruas e n√£o trabalhando nelas, n√≥s p‚Ä¶ '"
'@ptbrasil @lulapelobrasil o cretino sem car√°ter √© l√≠der sim  https://tco/adhqefpurm'
"'rt @mark_senkd: o problema do brasil √© o stf √© a casa de toler√¢ncia com a corrup√ß√£o, a impunidade e o cinismo ‚Ä¶ '"
"'rt @paulacamara_: lula por minas gerais em ipatinga : ‚Äúol√™, ol√™ ol√™, ol√™ tamo na rua pra derrubar o pt ‚Äú    #direitaminas https://‚Ä¶'
"'rt @mark_senkd:   agora que os sem-terras possuem terras, mas continuam nas ruas e n√£o trabalhando nelas, n√≥s p‚Ä¶ '"
'@ticostacruz n√£o curto n√£o compartilho '
' #fimdopt https://tco/inzucbqlcu'
'rt @direita_blog:  #fimdopt https://tco/inzucbqlcu'
'rt @direita_blog:  #fimdopt https://tco/inzucbqlcu'
'rt @direita_blog:  #fimdopt https://tco/inzucbqlcu'
"'rt @mark_senkd:   agora que os sem-terras possuem terras, mas continuam nas ruas e n√£o trabalhando nelas, n√≥s p‚Ä¶ '"
"'rt @mark_senkd: o problema do brasil √© o stf √© a casa de toler√¢ncia com a corrup√ß√£o, a impunidade e o cinismo ‚Ä¶ '"
'rt @direita_blog:  #fimdopt https://tco/inzucbqlcu'
'rt @mark_senkd: se o mentor de  √© contra #bolsonaro2018 √© sinal de que estamos no caminho certo https://tco/5nm2sdffqi'
'rt @sandrabrasilia: lula em salinas: popula√ß√£o gritando ladr√£o  https://tco/yorcbck6rq'
'rt @rosevplb: exigimos a pris√£o do l√≠der   https://tco/miqjxfvjcv'
'rt @direita_blog:  #fimdopt https://tco/inzucbqlcu'
'rt @sandrabrasilia: lula em salinas: popula√ß√£o gritando ladr√£o  https://tco/yorcbck6rq'
"'rt @mark_senkd:   agora que os sem-terras possuem terras, mas continuam nas ruas e n√£o trabalhando nelas, n√≥s p‚Ä¶ '"
't√¥ num boteco tomando uma cerveja e aparece o jornal da band falando que o lula t√° disparando nas pesquisas socorro '
"'rt @mark_senkd:   agora que os sem-terras possuem terras, mas continuam nas ruas e n√£o trabalhando nelas, n√≥s p‚Ä¶ '"
"'rt @mark_senkd:   agora que os sem-terras possuem terras, mas continuam nas ruas e n√£o trabalhando nelas, n√≥s p‚Ä¶ '"
"'rt @mark_senkd:   agora que os sem-terras possuem terras, mas continuam nas ruas e n√£o trabalhando nelas, n√≥s p‚Ä¶ '"
"'rt @mark_senkd:   agora que os sem-terras possuem terras, mas continuam nas ruas e n√£o trabalhando nelas, n√≥s p‚Ä¶ '"
"'rt @mark_senkd:   agora que os sem-terras possuem terras, mas continuam nas ruas e n√£o trabalhando nelas, n√≥s p‚Ä¶ '"
"'rt @mark_senkd:   agora que os sem-terras possuem terras, mas continuam nas ruas e n√£o trabalhando nelas, n√≥s p‚Ä¶ '"
"'rt @mark_senkd:   agora que os sem-terras possuem terras, mas continuam nas ruas e n√£o trabalhando nelas, n√≥s p‚Ä¶ '"
"'@fabi_aguiar_ n√£o recebemos mais doa√ß√µes externas (propinas), por isso est√£o andando de √¥nibus por a√≠ vai te catar at√© o da mortadela '
"'rt @mark_senkd:   agora que os sem-terras possuem terras, mas continuam nas ruas e n√£o trabalhando nelas, n√≥s p‚Ä¶ '"
'rt @direita_blog:  #fimdopt https://tco/inzucbqlcu'
'rt @rosevplb: exigimos a pris√£o do l√≠der   https://tco/miqjxfvjcv'
'rt @sandrabrasilia: lula em salinas: popula√ß√£o gritando ladr√£o  https://tco/yorcbck6rq'
"'rt @mark_senkd:   agora que os sem-terras possuem terras, mas continuam nas ruas e n√£o trabalhando nelas, n√≥s p‚Ä¶ '"
"'feriado estou na av paulista, e veio uma pessoa me pedir $$ perguntei em quem ele voltou e me chamou de fascista at√© quando '"
'#deus #jesus #jesuscristo√©osenhor #senhor #pol√≠tica #foratemer  #foraforodes√£opaulo #foracorruptos #corrup√ß√£o  governantes √≠mpios https:'
"'rt @mark_senkd:   agora que os sem-terras possuem terras, mas continuam nas ruas e n√£o trabalhando nelas, n√≥s p‚Ä¶ '"
'#ospingosnosis @blogdopim @ary_antipt   https://tco/opw49dy0b7'
"'rt @mark_senkd:   agora que os sem-terras possuem terras, mas continuam nas ruas e n√£o trabalhando nelas, n√≥s p‚Ä¶ '"
'rt @rosevplb: exigimos a pris√£o do l√≠der   https://tco/miqjxfvjcv'
'rt @sandrabrasilia: lula em salinas: popula√ß√£o gritando ladr√£o  https://tco/yorcbck6rq'
'rt @rosevplb: exigimos a pris√£o do l√≠der   https://tco/miqjxfvjcv'
"'rt @mark_senkd:   agora que os sem-terras possuem terras, mas continuam nas ruas e n√£o trabalhando nelas, n√≥s p‚Ä¶ '"
"'rt @mark_senkd:   agora que os sem-terras possuem terras, mas continuam nas ruas e n√£o trabalhando nelas, n√≥s p‚Ä¶ '"
"'rt @mark_senkd:   agora que os sem-terras possuem terras, mas continuam nas ruas e n√£o trabalhando nelas, n√≥s p‚Ä¶ '"
"'@akampa @dilmabr n√£o, √© hipocrita, mentirosa e cinica mesmo alem  de extremamente incompetente '"
'@bethcps @sidineiadm12 sim a n√£o homologa√ß√£o da dela√ß√£o de palocci insinua que deve atingir tribunais da justi√ßa  #forapimentel'
"'rt @mark_senkd:   agora que os sem-terras possuem terras, mas continuam nas ruas e n√£o trabalhando nelas, n√≥s p‚Ä¶ '"
"'rt @mark_senkd:   agora que os sem-terras possuem terras, mas continuam nas ruas e n√£o trabalhando nelas, n√≥s p‚Ä¶ '"
'rt @direita_blog:  #fimdopt https://tco/inzucbqlcu'
'@valehomossexual meeeeuu sooonhooo era ouvir ela ou qualquer artista s o l e t r a r :  '
'rt @sandrabrasilia: lula em salinas: popula√ß√£o gritando ladr√£o  https://tco/yorcbck6rq'
'rt @rosevplb: exigimos a pris√£o do l√≠der   https://tco/miqjxfvjcv'
'esse √© apenas mais uma testemunha contra o vagabundo mor desse pa√≠s  https://tco/xdcc1egdor'
"'rt @mark_senkd:   agora que os sem-terras possuem terras, mas continuam nas ruas e n√£o trabalhando nelas, n√≥s p‚Ä¶ '"
'rt @rosevplb: exigimos a pris√£o do l√≠der   https://tco/miqjxfvjcv'
"'rt @mark_senkd:   agora que os sem-terras possuem terras, mas continuam nas ruas e n√£o trabalhando nelas, n√≥s p‚Ä¶ '"
'rt @rosevplb: exigimos a pris√£o do l√≠der   https://tco/miqjxfvjcv'
'@nelsonvalterfet em todos os n√≠veis '
"'rt @mark_senkd:   agora que os sem-terras possuem terras, mas continuam nas ruas e n√£o trabalhando nelas, n√≥s p‚Ä¶ '"
"'rt @mark_senkd:   agora que os sem-terras possuem terras, mas continuam nas ruas e n√£o trabalhando nelas, n√≥s p‚Ä¶ '"
'rt @rosevplb: exigimos a pris√£o do l√≠der   https://tco/miqjxfvjcv'
'@rosevplb ele tamb√©m n√£o convence mais ningu√©m isso l√° √© justificativa p juiz do stf @stf_oficial '
'@paulacamara_ ladr√£o apoia ladr√£o fato  e #bolsonaropresidente'
"'rt @mark_senkd:   agora que os sem-terras possuem terras, mas continuam nas ruas e n√£o trabalhando nelas, n√≥s p‚Ä¶ '"
'#342artes s√£o amea√ßados pelo  https://tco/b2oksawyzv @jairbolsonaro @mblivre @faxinanopoder_ @conexaopolitica @coxinhabrasil61'
'rt @sandrabrasilia: lula em salinas: popula√ß√£o gritando ladr√£o  https://tco/yorcbck6rq'
"'rt @mark_senkd: o problema do brasil √© o stf √© a casa de toler√¢ncia com a corrup√ß√£o, a impunidade e o cinismo ‚Ä¶ '"
"'rt @mark_senkd:   agora que os sem-terras possuem terras, mas continuam nas ruas e n√£o trabalhando nelas, n√≥s p‚Ä¶ '"
"'rt @mark_senkd:   agora que os sem-terras possuem terras, mas continuam nas ruas e n√£o trabalhando nelas, n√≥s p‚Ä¶ '"
"'rt @mark_senkd: o problema do brasil √© o stf √© a casa de toler√¢ncia com a corrup√ß√£o, a impunidade e o cinismo ‚Ä¶ '"
"'rt @mark_senkd:   agora que os sem-terras possuem terras, mas continuam nas ruas e n√£o trabalhando nelas, n√≥s p‚Ä¶ '"
"'rt @mark_senkd:   agora que os sem-terras possuem terras, mas continuam nas ruas e n√£o trabalhando nelas, n√≥s p‚Ä¶ '"
'rt @sandrabrasilia: lula em salinas: popula√ß√£o gritando ladr√£o  https://tco/yorcbck6rq'
'rt @direita_blog:  #fimdopt https://tco/inzucbqlcu'
'rt @direita_blog:  #fimdopt https://tco/inzucbqlcu'
"'rt @mark_senkd: o problema do brasil √© o stf √© a casa de toler√¢ncia com a corrup√ß√£o, a impunidade e o cinismo ‚Ä¶ '"
"'rt @mark_senkd:   agora que os sem-terras possuem terras, mas continuam nas ruas e n√£o trabalhando nelas, n√≥s p‚Ä¶ '"
'rt @rosevplb: exigimos a pris√£o do l√≠der   https://tco/miqjxfvjcv'
"'rt @mark_senkd: o problema do brasil √© o stf √© a casa de toler√¢ncia com a corrup√ß√£o, a impunidade e o cinismo ‚Ä¶ '"
'#frases do #lula  https://tco/6nntdgbhxu'
"'rt @mark_senkd:   agora que os sem-terras possuem terras, mas continuam nas ruas e n√£o trabalhando nelas, n√≥s p‚Ä¶ '"
"'rt @mark_senkd: o problema do brasil √© o stf √© a casa de toler√¢ncia com a corrup√ß√£o, a impunidade e o cinismo ‚Ä¶ '"
' https://tco/lvxno3uxtg'
'rt @fortunaric: @vempraruaminas esse psicopata vem mentindo a anos engana s√≥ os rob√¥s seguidores   √© a verdadeira express√£o'
"'rt @mark_senkd:   agora que os sem-terras possuem terras, mas continuam nas ruas e n√£o trabalhando nelas, n√≥s p‚Ä¶ '"
"'rt @mark_senkd:   agora que os sem-terras possuem terras, mas continuam nas ruas e n√£o trabalhando nelas, n√≥s p‚Ä¶ '"
'lixoberg ataca bolsonaro diz q s√≥ o  tem legitimidade n√£o consegui ver at√© o final tive de vomitar https://tco/r84swgpwbw'
'@gleisi bolsonaro 2018   #gleisinacadeia'
"'rt @mark_senkd:   agora que os sem-terras possuem terras, mas continuam nas ruas e n√£o trabalhando nelas, n√≥s p‚Ä¶ '"
"'rt @mark_senkd: o problema do brasil √© o stf √© a casa de toler√¢ncia com a corrup√ß√£o, a impunidade e o cinismo ‚Ä¶ '"
"'rt @mark_senkd:   agora que os sem-terras possuem terras, mas continuam nas ruas e n√£o trabalhando nelas, n√≥s p‚Ä¶ '"
'a besta de 9 dedos no topo parab√©ns  https://tco/rcqbup61ec'
"'rt @mark_senkd:   agora que os sem-terras possuem terras, mas continuam nas ruas e n√£o trabalhando nelas, n√≥s p‚Ä¶ '"
'rt @ezequiasns: @simonerj_br @heliovesp  https://tco/w0bzl2815d'
'rt @rosevplb: exigimos a pris√£o do l√≠der   https://tco/miqjxfvjcv'
"'rt @mark_senkd: o problema do brasil √© o stf √© a casa de toler√¢ncia com a corrup√ß√£o, a impunidade e o cinismo ‚Ä¶ '"
'rt @sandrabrasilia: lula em salinas: popula√ß√£o gritando ladr√£o  https://tco/yorcbck6rq'
"'rt @mark_senkd: o problema do brasil √© o stf √© a casa de toler√¢ncia com a corrup√ß√£o, a impunidade e o cinismo ‚Ä¶ '"
'que comece o mimimi #naoqueroeconomistaquerobolsonaro    üáßüá∑üôÇ'
"'rt @mark_senkd: o problema do brasil √© o stf √© a casa de toler√¢ncia com a corrup√ß√£o, a impunidade e o cinismo ‚Ä¶ '"
"'rt @mark_senkd: o problema do brasil √© o stf √© a casa de toler√¢ncia com a corrup√ß√£o, a impunidade e o cinismo ‚Ä¶ '"
'rt @ezequiasns: @simonerj_br @heliovesp  https://tco/w0bzl2815d'
'@gleisi para o progresso do brasil '
"'rt @mark_senkd:   agora que os sem-terras possuem terras, mas continuam nas ruas e n√£o trabalhando nelas, n√≥s p‚Ä¶ '"
'@stf_oficial @exercitooficial institui√ß√µes e poderes corrompidos e a servi√ßo do crime interven√ß√£o militar   https://tco/t0dmxr4zhm'
"'rt @mark_senkd: o problema do brasil √© o stf √© a casa de toler√¢ncia com a corrup√ß√£o, a impunidade e o cinismo ‚Ä¶ '"
'rt @ezequiasns: @simonerj_br @heliovesp  https://tco/w0bzl2815d'
'rt @direita_blog:  #fimdopt https://tco/inzucbqlcu'
"'rt @mark_senkd: o problema do brasil √© o stf √© a casa de toler√¢ncia com a corrup√ß√£o, a impunidade e o cinismo ‚Ä¶ '"
"'rt @mark_senkd:   agora que os sem-terras possuem terras, mas continuam nas ruas e n√£o trabalhando nelas, n√≥s p‚Ä¶ '"
"'@blogdonoblat o lula √© um condenado, corrupto, safado queremos sua pris√£o imediamente chega de deboche com a justi√ßa '"
'@ptbrasil o que vai barrar a candidatura de lula √© a justi√ßa '
"'rt @mark_senkd: o problema do brasil √© o stf √© a casa de toler√¢ncia com a corrup√ß√£o, a impunidade e o cinismo ‚Ä¶ '"
"'rt @mark_senkd:   agora que os sem-terras possuem terras, mas continuam nas ruas e n√£o trabalhando nelas, n√≥s p‚Ä¶ '"
"'rt @mark_senkd: o problema do brasil √© o stf √© a casa de toler√¢ncia com a corrup√ß√£o, a impunidade e o cinismo ‚Ä¶ '"
' https://tco/h0tgenfllg'
"'rt @mark_senkd: o problema do brasil √© o stf √© a casa de toler√¢ncia com a corrup√ß√£o, a impunidade e o cinismo ‚Ä¶ '"
"'rt @mark_senkd:   agora que os sem-terras possuem terras, mas continuam nas ruas e n√£o trabalhando nelas, n√≥s p‚Ä¶ '"
'rt @rosevplb: exigimos a pris√£o do l√≠der   https://tco/miqjxfvjcv'
"'ele segue sim, mas, pra cadeia  https://tco/m67up26gss'"
'rt @rosevplb: exigimos a pris√£o do l√≠der   https://tco/miqjxfvjcv'
'rt @rosevplb: exigimos a pris√£o do l√≠der   https://tco/miqjxfvjcv'
'@ottoni3101 #luladr√£o  https://tco/lz7sghzfnn'
"'rt @mark_senkd:   agora que os sem-terras possuem terras, mas continuam nas ruas e n√£o trabalhando nelas, n√≥s p‚Ä¶ '"
'rt @paulacamara_: lula por minas gerais - uma multid√£o no discurso de lula   https://tco/cjdj8efkmn'
'rt @paulacamara_: lula por minas gerais - uma multid√£o no discurso de lula   https://tco/cjdj8efkmn'
"'rt @mark_senkd: o problema do brasil √© o stf √© a casa de toler√¢ncia com a corrup√ß√£o, a impunidade e o cinismo ‚Ä¶ '"
"'rt @mark_senkd: o problema do brasil √© o stf √© a casa de toler√¢ncia com a corrup√ß√£o, a impunidade e o cinismo ‚Ä¶ '"
'rt @gettshullenffen: @apaupitz organiza√ß√£o voltada para o lobby gayzista impregna td q a disney faz #stfvergonhanacional '
"'rt @mark_senkd:   agora que os sem-terras possuem terras, mas continuam nas ruas e n√£o trabalhando nelas, n√≥s p‚Ä¶ '"
"'rt @mark_senkd:   agora que os sem-terras possuem terras, mas continuam nas ruas e n√£o trabalhando nelas, n√≥s p‚Ä¶ '"
"'rt @mark_senkd:   agora que os sem-terras possuem terras, mas continuam nas ruas e n√£o trabalhando nelas, n√≥s p‚Ä¶ '"
"'@bolsonarosp @darrentill2 @brigadeiromma darren till, fant√°stico  #bolsonaro2018'"
"'rt @mark_senkd:   agora que os sem-terras possuem terras, mas continuam nas ruas e n√£o trabalhando nelas, n√≥s p‚Ä¶ '"
"'rt @mark_senkd:   agora que os sem-terras possuem terras, mas continuam nas ruas e n√£o trabalhando nelas, n√≥s p‚Ä¶ '"
'mst √© uma farsa #lavajato  https://tco/svki55a1cy'
'@veja '
'  centen√°rio da revolu√ß√£o russa - li√ß√µes hist√≥ricas  https://tco/8xghmcqhdi via @youtube'
'gastar a criatividade e o tempo da gente para atacar a infeliz ministra dos direitos dos manos √© besteira '
"'rt @mark_senkd:   agora que os sem-terras possuem terras, mas continuam nas ruas e n√£o trabalhando nelas, n√≥s p‚Ä¶ '"
"'rt @mark_senkd: o problema do brasil √© o stf √© a casa de toler√¢ncia com a corrup√ß√£o, a impunidade e o cinismo ‚Ä¶ '"
"'rt @mark_senkd:   agora que os sem-terras possuem terras, mas continuam nas ruas e n√£o trabalhando nelas, n√≥s p‚Ä¶ '"
"'rt @mark_senkd:   agora que os sem-terras possuem terras, mas continuam nas ruas e n√£o trabalhando nelas, n√≥s p‚Ä¶ '"
"'rt @mark_senkd:   agora que os sem-terras possuem terras, mas continuam nas ruas e n√£o trabalhando nelas, n√≥s p‚Ä¶ '"
"'rt @rosangela_bolze: pelo amor deus, #moro  j√°  criminoso e terrorista alto risco social @stf_oficial @mpf_pgr @mpf_prpr htt‚Ä¶'"
"'rt @mark_senkd:   agora que os sem-terras possuem terras, mas continuam nas ruas e n√£o trabalhando nelas, n√≥s p‚Ä¶ '"
"'rt @mark_senkd: o problema do brasil √© o stf √© a casa de toler√¢ncia com a corrup√ß√£o, a impunidade e o cinismo ‚Ä¶ '"
'rt @rosevplb: exigimos a pris√£o do l√≠der   https://tco/miqjxfvjcv'
"'rt @mark_senkd:   agora que os sem-terras possuem terras, mas continuam nas ruas e n√£o trabalhando nelas, n√≥s p‚Ä¶ '"
'rt @rosevplb: exigimos a pris√£o do l√≠der   https://tco/miqjxfvjcv'
"'rt @mark_senkd: o problema do brasil √© o stf √© a casa de toler√¢ncia com a corrup√ß√£o, a impunidade e o cinismo ‚Ä¶ '"
"'rt @mark_senkd: o problema do brasil √© o stf √© a casa de toler√¢ncia com a corrup√ß√£o, a impunidade e o cinismo ‚Ä¶ '"
'rt @rosevplb: exigimos a pris√£o do l√≠der   https://tco/miqjxfvjcv'
"'rt @mark_senkd: o problema do brasil √© o stf √© a casa de toler√¢ncia com a corrup√ß√£o, a impunidade e o cinismo ‚Ä¶ '"
'respondo: pq colocaram um administradorzinho de mer**  https://tco/nefgpmskrx'
'rt @rosevplb: exigimos a pris√£o do l√≠der   https://tco/miqjxfvjcv'
' https://tco/6s6ayyadjj'
"'rt @mark_senkd: o problema do brasil √© o stf √© a casa de toler√¢ncia com a corrup√ß√£o, a impunidade e o cinismo ‚Ä¶ '"
"'rt @mark_senkd: o problema do brasil √© o stf √© a casa de toler√¢ncia com a corrup√ß√£o, a impunidade e o cinismo ‚Ä¶ '"
"'rt @mark_senkd:   agora que os sem-terras possuem terras, mas continuam nas ruas e n√£o trabalhando nelas, n√≥s p‚Ä¶ '"
"'rt @mark_senkd:   agora que os sem-terras possuem terras, mas continuam nas ruas e n√£o trabalhando nelas, n√≥s p‚Ä¶ '"
'@leonardoboff @deltanmd  e quem defende ladr√£o tb'
"'rt @mark_senkd: o problema do brasil √© o stf √© a casa de toler√¢ncia com a corrup√ß√£o, a impunidade e o cinismo ‚Ä¶ '"
'rt @traderanonimo:  https://tco/6s6ayyadjj'
'rt @traderanonimo:  https://tco/6s6ayyadjj'
"'rt @mark_senkd:   agora que os sem-terras possuem terras, mas continuam nas ruas e n√£o trabalhando nelas, n√≥s p‚Ä¶ '"
' s√≥ pq eu gosto do p√£o com mortadela hehehe    https://tco/oqugcnznix'
'rt @traderanonimo:  https://tco/6s6ayyadjj'
'rt @izidiooliver:  s√≥ pq eu gosto do p√£o com mortadela hehehe    https://tco/oqugcnznix'
'@deputadofederal  @lulapelobrasil https://tco/sxzaew5vcj'
"'rt @mark_senkd:   agora que os sem-terras possuem terras, mas continuam nas ruas e n√£o trabalhando nelas, n√≥s p‚Ä¶ '"
'@leonardoboff @deltanmd bandido na cadeia '
'@veja '
"'rt @mark_senkd: o problema do brasil √© o stf √© a casa de toler√¢ncia com a corrup√ß√£o, a impunidade e o cinismo ‚Ä¶ '"
'rt @rosevplb: exigimos a pris√£o do l√≠der   https://tco/miqjxfvjcv'
"'rt @mark_senkd:   agora que os sem-terras possuem terras, mas continuam nas ruas e n√£o trabalhando nelas, n√≥s p‚Ä¶ '"
"'rt @mark_senkd: o problema do brasil √© o stf √© a casa de toler√¢ncia com a corrup√ß√£o, a impunidade e o cinismo ‚Ä¶ '"
"'lula n√£o tem m√©rito de ser pai de ningu√©m, somente pode ser pai dos burros  e #bolsonaropresidente2018 https://tco/ec72enffve'"
'os lulinhas t√£o morrendo de inveja    https://tco/pikfe8cn6s'
'rt @izidiooliver:  s√≥ pq eu gosto do p√£o com mortadela hehehe    https://tco/oqugcnznix'
'rt @traderanonimo:  https://tco/6s6ayyadjj'
'rt @izidiooliver: os lulinhas t√£o morrendo de inveja    https://tco/pikfe8cn6s'
'rt @rosevplb: exigimos a pris√£o do l√≠der   https://tco/miqjxfvjcv'
'rt @traderanonimo:  https://tco/6s6ayyadjj'
'rt @traderanonimo:  https://tco/6s6ayyadjj'
'rt @rosevplb: exigimos a pris√£o do l√≠der   https://tco/miqjxfvjcv'
'rt @paulacamara_: lula por minas gerais - uma multid√£o no discurso de lula   https://tco/cjdj8efkmn'
"'rt @mark_senkd: o problema do brasil √© o stf √© a casa de toler√¢ncia com a corrup√ß√£o, a impunidade e o cinismo ‚Ä¶ '"
'rt @rosevplb: exigimos a pris√£o do l√≠der   https://tco/miqjxfvjcv'
'  sigam-me se gostam de rir https://tco/2vm58xk5ok'
'rt @izidiooliver: os lulinhas t√£o morrendo de inveja    https://tco/pikfe8cn6s'
'rt @rosevplb: exigimos a pris√£o do l√≠der   https://tco/miqjxfvjcv'
'  siga-me se gosta de rir üòÇüòÇüòÇ n√£o existe uma viva alma mais honesta do que eu diz lula https://tco/oo4xwkrvxp'
"'rt @mark_senkd:   agora que os sem-terras possuem terras, mas continuam nas ruas e n√£o trabalhando nelas, n√≥s p‚Ä¶ '"
'a profiss√£o mais valorizada no br dos √∫ltimos anos foi a de quem trabalhava juntando bostas de elefantesdiz a the economist '
"'rt @mark_senkd:   agora que os sem-terras possuem terras, mas continuam nas ruas e n√£o trabalhando nelas, n√≥s p‚Ä¶ '"
"'rt @paulacamara_: lula por minas gerais  em valadares : ‚Äú lula , ladr√£o  ladr√£o  ladr√£o  ‚Äú  https://tco/oijdymfjno'"
"'rt @mark_senkd:   agora que os sem-terras possuem terras, mas continuam nas ruas e n√£o trabalhando nelas, n√≥s p‚Ä¶ '"
"'rt @paulacamara_: lula por minas gerais em ipatinga : ‚Äúol√™, ol√™ ol√™, ol√™ tamo na rua pra derrubar o pt ‚Äú    #direitaminas https://‚Ä¶'
"'rt @paulacamara_: lula por minas gerais em te√≥filo otoni :  ‚Äòlula ladr√£o, seu lugar √© na pris√£o‚Äô   https://tco/zy3z70fjud'"
"'rt @davidlkosman: lula n√£o tem m√©rito de ser pai de ningu√©m, somente pode ser pai dos burros  e #bolsonaropresidente2018 http‚Ä¶'"
"'rt @paulacamara_: lula por minas gerais em ipatinga : ‚Äúol√™, ol√™ ol√™, ol√™ tamo na rua pra derrubar o pt ‚Äú    #direitaminas https://‚Ä¶'
"'rt @mark_senkd:   agora que os sem-terras possuem terras, mas continuam nas ruas e n√£o trabalhando nelas, n√≥s p‚Ä¶ '"
"'rt @paulacamara_: lula por minas gerais em ipatinga : ‚Äúol√™, ol√™ ol√™, ol√™ tamo na rua pra derrubar o pt ‚Äú    #direitaminas https://‚Ä¶'
"'rt @mark_senkd:   agora que os sem-terras possuem terras, mas continuam nas ruas e n√£o trabalhando nelas, n√≥s p‚Ä¶ '"
"'rt @mark_senkd: o problema do brasil √© o stf √© a casa de toler√¢ncia com a corrup√ß√£o, a impunidade e o cinismo ‚Ä¶ '"
"'rt @mark_senkd:   agora que os sem-terras possuem terras, mas continuam nas ruas e n√£o trabalhando nelas, n√≥s p‚Ä¶ '"
'essa foi de doer #luladrao #bolsonaro2018  #dilmaladra https://tco/pstvo6mhcz'
'rt @rosevplb: exigimos a pris√£o do l√≠der   https://tco/miqjxfvjcv'
'@jornaloglobo mesmo se fosse s√≥ iria receber votos dos pol√≠ticos que ele livrou a cara #globolixo  #aecionacadeia #psdb=pt'
"'rt @direita_blog: na disputa com sergio cabral para ver quem tem mais condena√ß√µes, lula comemora   #oantagonista‚Ä¶ '"
'rt @mariateresareno: @theeconomist mostra quem √© o presidente mais corrupto do mundo vergonha nacional  https://tco/u1djimo‚Ä¶'
"'kkkkkkkkkkkkkkkkkkkkkkkkkkkkkkk, pqp, pensar que essa anta j√° presidiu o brasil √© insanidade total  https://tco/hbts4i9ppm'"
'@fn7k @majiwkijacques e ningu√©m enquadrou ela ainda #vergonha '
"'rt @mark_senkd:   agora que os sem-terras possuem terras, mas continuam nas ruas e n√£o trabalhando nelas, n√≥s p‚Ä¶ '"
'rt @rosevplb: exigimos a pris√£o do l√≠der   https://tco/miqjxfvjcv'
"'rt @davidlkosman: lula n√£o tem m√©rito de ser pai de ningu√©m, somente pode ser pai dos burros  e #bolsonaropresidente2018 http‚Ä¶'"
"'rt @mark_senkd:   agora que os sem-terras possuem terras, mas continuam nas ruas e n√£o trabalhando nelas, n√≥s p‚Ä¶ '"
"'rt @mark_senkd: o problema do brasil √© o stf √© a casa de toler√¢ncia com a corrup√ß√£o, a impunidade e o cinismo ‚Ä¶ '"
'rt @ezequiasns:  https://tco/wqszqgw4ur'
"'rt @mark_senkd:   agora que os sem-terras possuem terras, mas continuam nas ruas e n√£o trabalhando nelas, n√≥s p‚Ä¶ '"
"'rt @mark_senkd: o problema do brasil √© o stf √© a casa de toler√¢ncia com a corrup√ß√£o, a impunidade e o cinismo ‚Ä¶ '"
"'rt @villamarcovilla: dilma, onde foi parar o trem-bala  #chegadeimpunidade #chegadecorrup√ß√£o #marcoantoniovilla #jornaldacultura ht‚Ä¶'"
'rt @direita_blog:  #fimdopt https://tco/inzucbqlcu'
'rt @ezequiasns:  https://tco/wqszqgw4ur'
'rt @ezequiasns:  https://tco/wqszqgw4ur'
'rt @sandrabrasilia: lula em salinas: popula√ß√£o gritando ladr√£o  https://tco/yorcbck6rq'
"'rt @mark_senkd:   agora que os sem-terras possuem terras, mas continuam nas ruas e n√£o trabalhando nelas, n√≥s p‚Ä¶ '"
'rt @a_lliu: muito inoc√™ncia em uma s√≥ pessoa ser√° que santo √© t√£o digno qt ele #sqn  https://tco/evuh6kfawb'
' j√° https://tco/xdlfo8uxxr'
"'@gleisi @meirelles vc √© falsa, n√£o tem pena nenhuma de roubar junto com seu marido em detrimento do povo brasileiro '"
'@realdonaldtrump  chegou a hora do lula  üöîüöîüöîüöîüöîüöîüöîüöîüöîüöî üöîüöîüöîüöîüöîüöîüöîüöîüöîüöî üöîüöî   üöîüöî'
'rt @to_de_olho: tudo transparente  nao precisa nem desenhar #impeachmentja   #somostodosjanaina https://tco/xsiyfpgsxk'
'rt @ezequiasns:  https://tco/wqszqgw4ur'
"'rt @paulacamara_: relat√≥rio da pf afirma que lula, dilma e mercadante atuaram para obstruir a lava jato  https://tco/aspcgmx0‚Ä¶'"
"'rt @mark_senkd:   agora que os sem-terras possuem terras, mas continuam nas ruas e n√£o trabalhando nelas, n√≥s p‚Ä¶ '"
"'rt @mark_senkd:   agora que os sem-terras possuem terras, mas continuam nas ruas e n√£o trabalhando nelas, n√≥s p‚Ä¶ '"
'@gleisi perder√£o a elei√ß√£o senadora pode acreditar a massa n√£o cr√™ mais em vcs e ser√° estado por estado anote a√≠ '
'rt @ezequiasns:  https://tco/wqszqgw4ur'
'@comunacritico @raulzitos_ #bolsonaro2018 '
'@osul_noticias  üö®üö®üö®üö®üö®üö®üö®üö®üö®üö® üöîüöîüöîüöîüöîüöîüöîüöîüöîüöî üöîüöî   üöîüöî üöîüöîüöîüöîüöîüöî'
"'rt @paulacamara_: relat√≥rio da pf afirma que lula, dilma e mercadante atuaram para obstruir a lava jato  https://tco/aspcgmx0‚Ä¶'"
'rt @ezequiasns:  https://tco/wqszqgw4ur'
"'@lulapelobrasil #bolsonaro #bolsonaropresidente #bolsonaro2018  esse mula pelo brasil √© uma piada, nem ele acredita'"
"'rt @paulacamara_: relat√≥rio da pf afirma que lula, dilma e mercadante atuaram para obstruir a lava jato  https://tco/aspcgmx0‚Ä¶'"
"'@dilmabr foi usado pelo lula, hospedado num hotel famoso, pra comprar votos contra o impeachment n√£o esqueceremos nunca '"
'@sandrabrasilia '
'rt @luiztenda: @sandrabrasilia '
'rt @paulynhaa_alves: @revistaistoe üòÇüòÇ bem isto   #lulaladr√£o https://tco/iicgrcllqh'
'rt @rosevplb: exigimos a pris√£o do l√≠der   https://tco/miqjxfvjcv'
'rt @paulynhaa_alves: @revistaistoe üòÇüòÇ bem isto   #lulaladr√£o https://tco/iicgrcllqh'
"'rt @mark_senkd:   agora que os sem-terras possuem terras, mas continuam nas ruas e n√£o trabalhando nelas, n√≥s p‚Ä¶ '"
'rt @marcos_mark66: que comece o mimimi #naoqueroeconomistaquerobolsonaro    üáßüá∑üôÇ'
'rt @paulynhaa_alves: @revistaistoe üòÇüòÇ bem isto   #lulaladr√£o https://tco/iicgrcllqh'
'@osvladpereira dia memor√°vel  '
"'@gleisi caravana, isso √© um expresso para o inferno  junto com seu bando de vagabundos ladr√µes #gleiseladradeaposentados'"
'@carla_valente @lulapelobrasil '
"'rt @mark_senkd:   agora que os sem-terras possuem terras, mas continuam nas ruas e n√£o trabalhando nelas, n√≥s p‚Ä¶ '"
"'rt @mark_senkd: o problema do brasil √© o stf √© a casa de toler√¢ncia com a corrup√ß√£o, a impunidade e o cinismo ‚Ä¶ '"
'rt @rosevplb: exigimos a pris√£o do l√≠der   https://tco/miqjxfvjcv'
'rt @mark_senkd:   a vaquinha do lula acabou no brejo https://tco/7pjq97fjsm'
'rt @sandrabrasilia: lula em salinas: popula√ß√£o gritando ladr√£o  https://tco/yorcbck6rq'
'rt @mark_senkd:   a vaquinha do lula acabou no brejo https://tco/7pjq97fjsm'
'quero voc√™ fuzilado seu verme traidor https://tco/o1pal7wbvo'
'rt @rosevplb: exigimos a pris√£o do l√≠der   https://tco/miqjxfvjcv'
'rt @sandrabrasilia: lula em salinas: popula√ß√£o gritando ladr√£o  https://tco/yorcbck6rq'
'rt @rosevplb: exigimos a pris√£o do l√≠der   https://tco/miqjxfvjcv'
'rt @mark_senkd:   a vaquinha do lula acabou no brejo https://tco/7pjq97fjsm'
'rt @sandrabrasilia: lula em salinas: popula√ß√£o gritando ladr√£o  https://tco/yorcbck6rq'
'rt @rosevplb: exigimos a pris√£o do l√≠der   https://tco/miqjxfvjcv'
'rt @sandrabrasilia: lula em salinas: popula√ß√£o gritando ladr√£o  https://tco/yorcbck6rq'
"'rt @anjokamaximo: #prisaosegundainstanciasim  anda muito saidinho stf pago pelos contribuintes, solta bandidos q assalta‚Ä¶ '"
'rt @sandrabrasilia: lula em salinas: popula√ß√£o gritando ladr√£o  https://tco/yorcbck6rq'
'rt @sandrabrasilia: lula em salinas: popula√ß√£o gritando ladr√£o  https://tco/yorcbck6rq'
'rt @sandrabrasilia: lula em salinas: popula√ß√£o gritando ladr√£o  https://tco/yorcbck6rq'
'rt @sandrabrasilia: lula em salinas: popula√ß√£o gritando ladr√£o  https://tco/yorcbck6rq'
' https://tco/2gmpxcxu5l'
'rt @sandrabrasilia: lula em salinas: popula√ß√£o gritando ladr√£o  https://tco/yorcbck6rq'
' #esquerdopatas #globolixo https://tco/xajs3ckqgv'
'rt @sandrabrasilia: lula em salinas: popula√ß√£o gritando ladr√£o  https://tco/yorcbck6rq'
'rt @sandrabrasilia: lula em salinas: popula√ß√£o gritando ladr√£o  https://tco/yorcbck6rq'
"'rt @mark_senkd:   agora que os sem-terras possuem terras, mas continuam nas ruas e n√£o trabalhando nelas, n√≥s p‚Ä¶ '"
'#queroobamapresidente üòé #foratemer  #dilma  brasil est√° virando uma grande lixeira #sdv  @leehcrvg  @hudsonhnunes'
'rt @rosevplb: exigimos a pris√£o do l√≠der   https://tco/miqjxfvjcv'
'rt @sandrabrasilia: lula em salinas: popula√ß√£o gritando ladr√£o  https://tco/yorcbck6rq'
'rt @sandrabrasilia: lula em salinas: popula√ß√£o gritando ladr√£o  https://tco/yorcbck6rq'
'rt @sandrabrasilia: lula em salinas: popula√ß√£o gritando ladr√£o  https://tco/yorcbck6rq'
'rt @rosevplb: exigimos a pris√£o do l√≠der   https://tco/miqjxfvjcv'
'rt @rosevplb: exigimos a pris√£o do l√≠der   https://tco/miqjxfvjcv'
'rt @stefanieribei20: #queroobamapresidente üòé #foratemer  #dilma  brasil est√° virando uma grande lixeira #sdv  @leehcrvg  @huds‚Ä¶'
'rt @sandrabrasilia: lula em salinas: popula√ß√£o gritando ladr√£o  https://tco/yorcbck6rq'
'rt @marcos_mark66: que comece o mimimi #naoqueroeconomistaquerobolsonaro    üáßüá∑üôÇ'
'rt @rosevplb: exigimos a pris√£o do l√≠der   https://tco/miqjxfvjcv'
'#queroobamapresidente üòé #foratemer  #dilma  brasil est√° virando uma grande lixeira #sdv  @leehcrvg  @stefanieribei20'
'#queroobamapresidente üòé #foratemer  #dilma  brasil est√° virando uma grande lixeira #sdv'
'rt @hudsonhnunes: #queroobamapresidente üòé #foratemer  #dilma  brasil est√° virando uma grande lixeira #sdv'
'rt @hudsonhnunes: #queroobamapresidente üòé #foratemer  #dilma  brasil est√° virando uma grande lixeira #sdv  @leehcrvg  @stefani‚Ä¶'
'rt @sandrabrasilia: lula em salinas: popula√ß√£o gritando ladr√£o  https://tco/yorcbck6rq'
'rt @hudsonhnunes: #queroobamapresidente üòé #foratemer  #dilma  brasil est√° virando uma grande lixeira #sdv'
'rt @hudsonhnunes: #queroobamapresidente üòé #foratemer  #dilma  brasil est√° virando uma grande lixeira #sdv  @leehcrvg  @stefani‚Ä¶'
'rt @stefanieribei20: #queroobamapresidente üòé #foratemer  #dilma  brasil est√° virando uma grande lixeira #sdv  @leehcrvg  @huds‚Ä¶'
"'ansiosamente aguardando o ser√° que @inst_lula perde o emprego e @dilmabr, vai junto  november 02, 2017 at 09:05am'"
'rt @sandrabrasilia: lula em salinas: popula√ß√£o gritando ladr√£o  https://tco/yorcbck6rq'
'rt @mark_senkd: se o mentor de  √© contra #bolsonaro2018 √© sinal de que estamos no caminho certo https://tco/5nm2sdffqi'
"'rt @mark_senkd: o problema do brasil √© o stf √© a casa de toler√¢ncia com a corrup√ß√£o, a impunidade e o cinismo ‚Ä¶ '"
'rt @rosevplb: exigimos a pris√£o do l√≠der   https://tco/miqjxfvjcv'
"'rt @mark_senkd:   agora que os sem-terras possuem terras, mas continuam nas ruas e n√£o trabalhando nelas, n√≥s p‚Ä¶ '"
'@trf4_oficial '
"'rt @mark_senkd:   agora que os sem-terras possuem terras, mas continuam nas ruas e n√£o trabalhando nelas, n√≥s p‚Ä¶ '"
"'rt @mark_senkd:   agora que os sem-terras possuem terras, mas continuam nas ruas e n√£o trabalhando nelas, n√≥s p‚Ä¶ '"
"'rt @mark_senkd:   agora que os sem-terras possuem terras, mas continuam nas ruas e n√£o trabalhando nelas, n√≥s p‚Ä¶ '"
"'rt @mark_senkd:   agora que os sem-terras possuem terras, mas continuam nas ruas e n√£o trabalhando nelas, n√≥s p‚Ä¶ '"
"'@uolnoticias mas muitos de n√≥s, cidad√£os brasileiros, n√£o perdoamos ladr√£o corrupto '"
'rt @sandrabrasilia: lula em salinas: popula√ß√£o gritando ladr√£o  https://tco/yorcbck6rq'
'rt @paulacamara_: eu tamb√©m   https://tco/ukkw8fwfim'
'rt @paulacamara_: lula por minas gerais - na pra√ßa 7   https://tco/cvkhraoymk'
'rt @paulacamara_: lula por minas gerais - na pra√ßa 7   https://tco/cvkhraoymk'
'rt @nerdraiz: por mais dentistas assim no brasil #luladay  https://tco/mlen1ep1cp'
'rt @blachfish: üî∞fiasco da caravana em salinas do comunista criminosoüî∞    #lulacadeiaj√° https://tco/z7vmv6tutd'
'@trf4_oficial üëâ '
"'rt @mark_senkd:   agora que os sem-terras possuem terras, mas continuam nas ruas e n√£o trabalhando nelas, n√≥s p‚Ä¶ '"
'rt @paulacamara_: eu tamb√©m   https://tco/ukkw8fwfim'
'o objetivo da esquerda √© arruinar a economia do brasil queremos  https://tco/sv316krc3g'
'rt @rosevplb: exigimos a pris√£o do l√≠der   https://tco/miqjxfvjcv'
'rt @pauloparmm: o objetivo da esquerda √© arruinar a economia do brasil queremos  https://tco/sv316krc3g'
'rt @pauloparmm: o objetivo da esquerda √© arruinar a economia do brasil queremos  https://tco/sv316krc3g'
'rt @rosevplb: exigimos a pris√£o do l√≠der   https://tco/miqjxfvjcv'
'rt @rosevplb: exigimos a pris√£o do l√≠der   https://tco/miqjxfvjcv'
'rt @sandrabrasilia: lula em salinas: popula√ß√£o gritando ladr√£o  https://tco/yorcbck6rq'
'@enquette_ prefiro o @lulapelobrasil  na cadeia comendo arroz e ovo azedo  a lei √© para todos #vivasergiomoro #vivabolsonaro'
'lula e bolsonaro lideram para 2018 #bolsonaro2018  siga @jairbolsonaro @bolsonarosp @flaviobolsonaro rj https://tco/okcrmfdajk https://tco/ctu'
'rt @br45ilnocorrupt: lula e bolsonaro lideram para 2018 #bolsonaro2018  siga @jairbolsonaro @bolsonarosp @flaviobolsonaro r‚Ä¶ '
'essa senhora √© retardada ela n√£o sabe que lula tem 9 milh√µes de previd√™ncia privada  @sakasakamori @sandrabrasilia @edcar1811 @motta1302 @'
'rt @sandrabrasilia: lula em salinas: popula√ß√£o gritando ladr√£o  https://tco/yorcbck6rq'
'rt @rosevplb: exigimos a pris√£o do l√≠der   https://tco/miqjxfvjcv'
'#bolsonaro  safado corrupto https://tco/qmavlbpllf'
"'rt @mark_senkd: o problema do brasil √© o stf √© a casa de toler√¢ncia com a corrup√ß√£o, a impunidade e o cinismo ‚Ä¶ '"
'rt @mestre_tigresa: essa senhora √© retardada ela n√£o sabe que lula tem 9 milh√µes de previd√™ncia privada  @sakasakamori‚Ä¶ '
'rt @sandrabrasilia: lula em salinas: popula√ß√£o gritando ladr√£o  https://tco/yorcbck6rq'
'rt @mestre_tigresa: essa senhora √© retardada ela n√£o sabe que lula tem 9 milh√µes de previd√™ncia privada  @sakasakamori‚Ä¶ '
'rt @mestre_tigresa: essa senhora √© retardada ela n√£o sabe que lula tem 9 milh√µes de previd√™ncia privada  @sakasakamori‚Ä¶ '
'rt @mestre_tigresa: essa senhora √© retardada ela n√£o sabe que lula tem 9 milh√µes de previd√™ncia privada  @sakasakamori‚Ä¶ '
' https://tco/9ztpsu4bzm'
'por isso que esse senhor √© o candidato da minha familia #bolsonaro2018  https://tco/jmxzmun3ke'
"'rt @mark_senkd: o problema do brasil √© o stf √© a casa de toler√¢ncia com a corrup√ß√£o, a impunidade e o cinismo ‚Ä¶ '"
"'rt @rosangela_bolze: pelo amor deus, #moro  j√°  criminoso e terrorista alto risco social @stf_oficial @mpf_pgr @mpf_prpr htt‚Ä¶'"
'@bbcbrasil '
'rt @mestre_tigresa: essa senhora √© retardada ela n√£o sabe que lula tem 9 milh√µes de previd√™ncia privada  @sakasakamori‚Ä¶ '
"'rt @mark_senkd:   agora que os sem-terras possuem terras, mas continuam nas ruas e n√£o trabalhando nelas, n√≥s p‚Ä¶ '"
'rt @rosevplb: exigimos a pris√£o do l√≠der   https://tco/miqjxfvjcv'
'rt @jwellingtonmelo: o pt tem corrup√ß√£o at√© em fotos  https://tco/7gowo9bpfe'
"'rt @paulacamara_: lula por minas gerais em te√≥filo otoni :  ‚Äòlula ladr√£o, seu lugar √© na pris√£o‚Äô   https://tco/zy3z70fjud'"
'rt @tthecrow_: como o brasil elegeu essa anta  https://tco/jwonkgdcts'
'rt @spd_33: üî∞fracasso total o com√≠cio de luladr√£o em governador valadares-mg   #lulanuncamais https://tco/z0dnhy5yfh'
'rt @paulacamara_: lula por minas gerais - na pra√ßa 7   https://tco/cvkhraoymk'
"'rt @paulacamara_: parab√©ns, lula    https://tco/ab8uhb1ljd'"
' https://tco/dznxzx33mg'
' https://tco/pcsp07s2r3'
'rt @antoniosous: @gleisi @meirelles presidenta quando √© que o pt vai expulsar o #lulacondenado   ‚Ä¶ '
'rt @renatinhacris2: pura verdade #lulacondenado  https://tco/kdb8ietqqs'
'rt @coanbrasil: #sextafeira13 #ptralhas  #lulacondenado #luladrao https://tco/edhm8du51q'
'rt @luxajuda: @tsejusbr    como √© que pode um bandido condenado fazendo campanha na cara do tse livremente e fora de‚Ä¶ '
'rt @luxajuda: @tsejusbr    como √© que pode um bandido condenado fazendo campanha na cara do tse livremente e fora de‚Ä¶ '
'rt @luxajuda: @tsejusbr    como √© que pode um bandido condenado fazendo campanha na cara do tse livremente e fora de‚Ä¶ '
'rt @luxajuda: @tsejusbr    como √© que pode um bandido condenado fazendo campanha na cara do tse livremente e fora de‚Ä¶ '
'rt @luxajuda: @tsejusbr    como √© que pode um bandido condenado fazendo campanha na cara do tse livremente e fora de‚Ä¶ '
'rt @luxajuda: @tsejusbr    como √© que pode um bandido condenado fazendo campanha na cara do tse livremente e fora de‚Ä¶ '
'rt @sandrabrasilia: lula em salinas: popula√ß√£o gritando ladr√£o  https://tco/yorcbck6rq'
'rt @mestre_tigresa: essa senhora √© retardada ela n√£o sabe que lula tem 9 milh√µes de previd√™ncia privada  @sakasakamori‚Ä¶ '
'rt @mestre_tigresa: essa senhora √© retardada ela n√£o sabe que lula tem 9 milh√µes de previd√™ncia privada  @sakasakamori‚Ä¶ '
'rt @sandrabrasilia: lula em salinas: popula√ß√£o gritando ladr√£o  https://tco/yorcbck6rq'
'rt @luxajuda: @tsejusbr    como √© que pode um bandido condenado fazendo campanha na cara do tse livremente e fora de‚Ä¶ '
"'@lulapelobrasil @davidrealsugar falou a√≠ o honest√£o, vai dornir q a vontade de  ser presidente passa, um reu fazendo campanha, so aqui no b'
'rt @mark_senkd: se o mentor de  √© contra #bolsonaro2018 √© sinal de que estamos no caminho certo https://tco/5nm2sdffqi'
'rt @mark_senkd: se o mentor de  √© contra #bolsonaro2018 √© sinal de que estamos no caminho certo https://tco/5nm2sdffqi'
'rt @luxajuda: @tsejusbr    como √© que pode um bandido condenado fazendo campanha na cara do tse livremente e fora de‚Ä¶ '
'rt @sandrabrasilia: lula em salinas: popula√ß√£o gritando ladr√£o  https://tco/yorcbck6rq'
"'rt @mark_senkd:   agora que os sem-terras possuem terras, mas continuam nas ruas e n√£o trabalhando nelas, n√≥s p‚Ä¶ '"
'rt @mestre_tigresa: essa senhora √© retardada ela n√£o sabe que lula tem 9 milh√µes de previd√™ncia privada  @sakasakamori‚Ä¶ '
'rt @rosevplb: exigimos a pris√£o do l√≠der   https://tco/miqjxfvjcv'
"'rt @mark_senkd:   agora que os sem-terras possuem terras, mas continuam nas ruas e n√£o trabalhando nelas, n√≥s p‚Ä¶ '"
'rt @rosevplb: exigimos a pris√£o do l√≠der   https://tco/miqjxfvjcv'
'rt @direita_blog:  #fimdopt https://tco/inzucbqlcu'
'rt @rosevplb: exigimos a pris√£o do l√≠der   https://tco/miqjxfvjcv'
'vou parar por aqui pois vou trabalhar  #lulabandidocondenado  #dilmanacadeia #gleisinacadeia #ptnacadeia chega de blablabla https://tco/zjgwle'
"'rt @mark_senkd:   agora que os sem-terras possuem terras, mas continuam nas ruas e n√£o trabalhando nelas, n√≥s p‚Ä¶ '"
' https://tco/vcu0bcqhv9'
'  #lulainelegivel https://tco/pq3yxjx0it'
'rt @rosevplb: exigimos a pris√£o do l√≠der   https://tco/miqjxfvjcv'
"'rt @mark_senkd:   agora que os sem-terras possuem terras, mas continuam nas ruas e n√£o trabalhando nelas, n√≥s p‚Ä¶ '"
'rt @sandrabrasilia: lula em salinas: popula√ß√£o gritando ladr√£o  https://tco/yorcbck6rq'
'#whastapp parou #foratemer '
"'quando ser√° que este ser ign√≥bil, salafr√°rio, decr√©pito, mentecapto, ladr√£o, mentiroso, asqueroso, ser√° preso j√° '"
'rt @rosevplb: exigimos a pris√£o do l√≠der   https://tco/miqjxfvjcv'
"'@monalisafemini1 @coletto_thiago @gabrlelplnhelro @danilogentili isso a√≠ , companheira aqui somos todos retardados e amamos a moral e odiamo'
'rt @luxajuda: vou parar por aqui pois vou trabalhar  #lulabandidocondenado  #dilmanacadeia #gleisinacadeia‚Ä¶ '
"'rt @mark_senkd:   agora que os sem-terras possuem terras, mas continuam nas ruas e n√£o trabalhando nelas, n√≥s p‚Ä¶ '"
"'@fernandoholiday @paulox36 rouba cora√ß√µes que eu saiba ele gosta √© de roubar $ milh√µes salafr√°rio, decr√©pito, mentecapto, ladr√£o, ment'
"'rt @mark_senkd:   agora que os sem-terras possuem terras, mas continuam nas ruas e n√£o trabalhando nelas, n√≥s p‚Ä¶ '"
'rt @sandrabrasilia: lula em salinas: popula√ß√£o gritando ladr√£o  https://tco/yorcbck6rq'
"'rt @mark_senkd:   agora que os sem-terras possuem terras, mas continuam nas ruas e n√£o trabalhando nelas, n√≥s p‚Ä¶ '"
'rt @rosevplb: exigimos a pris√£o do l√≠der   https://tco/miqjxfvjcv'
"'rt @mark_senkd:   agora que os sem-terras possuem terras, mas continuam nas ruas e n√£o trabalhando nelas, n√≥s p‚Ä¶ '"
"'rt @davidlkosman: lula n√£o tem m√©rito de ser pai de ningu√©m, somente pode ser pai dos burros  e #bolsonaropresidente2018 http‚Ä¶'"
"'rt @mark_senkd: o problema do brasil √© o stf √© a casa de toler√¢ncia com a corrup√ß√£o, a impunidade e o cinismo ‚Ä¶ '"
' https://tco/fsdmwvkykx'
"'essa revista √© uma fraude desonesta ao extremo o que assusta o povo √© corrup√ß√£o e impunidade em 2018,  #bolsonaropresidente https://tco/9'
'n√£o  situa√ß√£o no br est√° nas m√£os da popula√ß√£o do bem  q precisa se mobilizar mais e impedir q bandidos se elejam    https://tco/dezyuh'
'@mbrasilonline os inocentes s√£o ludibriados por pol√≠ticos corruptos √© nosso dever pedir a pris√£o deles e impedir que participem das elei√ß'
'rt @rosevplb: exigimos a pris√£o do l√≠der   https://tco/miqjxfvjcv'
' https://tco/ln13upx4nu'
"'rt @mark_senkd:   agora que os sem-terras possuem terras, mas continuam nas ruas e n√£o trabalhando nelas, n√≥s p‚Ä¶ '"
'rt @sandrabrasilia: lula em salinas: popula√ß√£o gritando ladr√£o  https://tco/yorcbck6rq'
'@mark_senkd @mbrasilonline a imprensa esquerda q mama nas tetas do governo engana este povo sofrido q ainda vota em lula por falta de informa√'
"'rt @mark_senkd:   agora que os sem-terras possuem terras, mas continuam nas ruas e n√£o trabalhando nelas, n√≥s p‚Ä¶ '"
'que temos q investiguem a fundo  https://tco/k17etj3yaa'
'rt @br45ilnocorrupt: lula e bolsonaro lideram para 2018 #bolsonaro2018  siga @jairbolsonaro @bolsonarosp @flaviobolsonaro r‚Ä¶ '
'rt @mestre_tigresa: essa senhora √© retardada ela n√£o sabe que lula tem 9 milh√µes de previd√™ncia privada  @sakasakamori‚Ä¶ '
'pt foi a raz√£o da destrui√ß√£o do br em 13 anos no poder e amea√ßa enterrar o pouco de bom q sobrou   https://tco/fyn1tjqgga'
"'rt @mark_senkd:   agora que os sem-terras possuem terras, mas continuam nas ruas e n√£o trabalhando nelas, n√≥s p‚Ä¶ '"
' #foracorrupcao #lulalanacadeia #foratemer https://tco/crmydarxfb'
'#bolsonaro2018 n√£o foi citado nele eu confio rt @adenilson_tome:  #foracorrupcao #lulalanacadeia #foratemer https://tco/tlzrgbayxc'
' https://tco/lpybkmfz7z'
' https://tco/qpjdpzalio'
'rt @rosevplb: exigimos a pris√£o do l√≠der   https://tco/miqjxfvjcv'
'  https://tco/2rtsceqwew'
' #folhalixo #vejalixo #globolixo https://tco/hki8azcxyd'
'rt @sandrabrasilia: lula em salinas: popula√ß√£o gritando ladr√£o  https://tco/yorcbck6rq'
'#globolixo #forabutler #omolixo  #vejalixo #avonlixo #esquedopatas #deixemnossascriancasempaz #folhalixo #caetanolixo https://tco/t7gixvchzl'
"'rt @mark_senkd:   agora que os sem-terras possuem terras, mas continuam nas ruas e n√£o trabalhando nelas, n√≥s p‚Ä¶ '"
"'rt @mark_senkd:   agora que os sem-terras possuem terras, mas continuam nas ruas e n√£o trabalhando nelas, n√≥s p‚Ä¶ '"
"'rt @mark_senkd:   agora que os sem-terras possuem terras, mas continuam nas ruas e n√£o trabalhando nelas, n√≥s p‚Ä¶ '"
'mas n√£o era g√≥pi ü§î  https://tco/h59atn1tqk'
'sempre lembrando  antes q #stfvergonhanacional o libere'
'@joe_br_capelli @deltanmd  #dilmanacadeia #aecionacadeia #temernacadeia'
'@hellraiserorcus @deltanmd '
'tem q acabar c esta programa e colocar m√©dicos brasileiros ou de outros pa√≠ses q queiram trabalhar  https://tco/vlflmzlka7'
' https://tco/vwuk7serqi'
"'rt @mark_senkd:   agora que os sem-terras possuem terras, mas continuam nas ruas e n√£o trabalhando nelas, n√≥s p‚Ä¶ '"
'@janainadobrasil o fachin deferiu qual o objetivo do porco saber quer amea√ßar quer saber o q evitar depois q o stf o liberar quer matar '
'   https://tco/ioqfxgwvd7'
'rt @mestre_tigresa: essa senhora √© retardada ela n√£o sabe que lula tem 9 milh√µes de previd√™ncia privada  @sakasakamori‚Ä¶ '
'   https://tco/tnhqheurcr'
'rt @sandrabrasilia: lula em salinas: popula√ß√£o gritando ladr√£o  https://tco/yorcbck6rq'
'   https://tco/gi5rhsrhk0'
"'rt @mark_senkd:   agora que os sem-terras possuem terras, mas continuam nas ruas e n√£o trabalhando nelas, n√≥s p‚Ä¶ '"
'rt @pauloparmm:  https://tco/qpjdpzalio'
"'rt @mark_senkd:   agora que os sem-terras possuem terras, mas continuam nas ruas e n√£o trabalhando nelas, n√≥s p‚Ä¶ '"
'  https://tco/wvakkdi9hh'
'multado    https://tco/zj2vemrgyv'
'@dasilva86 @rosevplb @ritaoli36702816 @mcissaguimaraes @profsandrag1 @artur_slo @sakasakamori @somar61 @paty_meirelles @osvladpereira üî¥ que'
"'mais um passo de maduro 9dedos, gleisi e outros seguiriam essa linha, se o br deixasse   https://tco/bd40o74xol'"
'jornapetistas misturando poss√≠veis candidatos com r√©u condenado  https://tco/53hpy3phmg'
'@estadao sextou  #dilmanuncamais'
"'rt @mark_senkd:   agora que os sem-terras possuem terras, mas continuam nas ruas e n√£o trabalhando nelas, n√≥s p‚Ä¶ '"
"'rt @mark_senkd:   agora que os sem-terras possuem terras, mas continuam nas ruas e n√£o trabalhando nelas, n√≥s p‚Ä¶ '"
"'rt @mark_senkd: o problema do brasil √© o stf √© a casa de toler√¢ncia com a corrup√ß√£o, a impunidade e o cinismo ‚Ä¶ '"
"'rt @mark_senkd:   agora que os sem-terras possuem terras, mas continuam nas ruas e n√£o trabalhando nelas, n√≥s p‚Ä¶ '"
'nossa esperan√ßa ainda bem que @rodrigojanot se foi queremos  https://tco/eaajglbnmg'
'rt @brsemcomunas: nossa esperan√ßa ainda bem que @rodrigojanot se foi queremos  https://tco/eaajglbnmg'
' #bolsonaro2018 https://tco/2ayq9yq1i3'
"'rt @mark_senkd:   agora que os sem-terras possuem terras, mas continuam nas ruas e n√£o trabalhando nelas, n√≥s p‚Ä¶ '"
'@cartacapital #fakenews #forabutler '
"'rt @mark_senkd:   agora que os sem-terras possuem terras, mas continuam nas ruas e n√£o trabalhando nelas, n√≥s p‚Ä¶ '"
"'@dilmabr sem provass√≠tio em nome de laranja, vizinhos confirmam triplex, foro de sp assumido,nenhum v√≠deo de palestra em era digital '"
'rt @brsemcomunas: nossa esperan√ßa ainda bem que @rodrigojanot se foi queremos  https://tco/eaajglbnmg'
"'rt @mark_senkd:   agora que os sem-terras possuem terras, mas continuam nas ruas e n√£o trabalhando nelas, n√≥s p‚Ä¶ '"
'rt @paulopolitica: tem q acabar c esta programa e colocar m√©dicos brasileiros ou de outros pa√≠ses q queiram trabalhar  https://tco‚Ä¶'
'#doismesesprofimdoanoe  lula anida n√£o foi preso porque ser√° hein  https://tco/pe5t9czvvt'
'rt @osvladpereira: #doismesesprofimdoanoe  lula anida n√£o foi preso porque ser√° hein  https://tco/pe5t9czvvt'
'rt @osvladpereira: #doismesesprofimdoanoe  lula anida n√£o foi preso porque ser√° hein  https://tco/pe5t9czvvt'
'rt @osvladpereira: #doismesesprofimdoanoe  lula anida n√£o foi preso porque ser√° hein  https://tco/pe5t9czvvt'
'rt @osvladpereira: #doismesesprofimdoanoe  lula anida n√£o foi preso porque ser√° hein  https://tco/pe5t9czvvt'
'rt @rosevlb: exigimos a pris√£o do l√≠der   https://tco/miqjxfvjcv'
'rt @rosevlb: exigimos a pris√£o do l√≠der   https://tco/miqjxfvjcv'
'rt @rosevlb: exigimos a pris√£o do l√≠der   https://tco/miqjxfvjcv'
'rt @rosevlb: exigimos a pris√£o do l√≠der   https://tco/miqjxfvjcv'
'rt @rosevlb: exigimos a pris√£o do l√≠der   https://tco/miqjxfvjcv'
"'@humbertoreisjr @aeciofaraujo @mbrasilonline @macunaimaz @rosevlb @nelsonfsilva1 @jwbranda @fussballsehr @ritagvlb @brunosilvagp @mitags para'
"'@jefer234 talvez os 12 bilh√µes de beneficiados pela tal transposi√ß√£o, se juntem a esses 07 milh√µes a√≠ rss '"
'rt @rosevlb: exigimos a pris√£o do l√≠der   https://tco/miqjxfvjcv'
'rt @mestre_tigresa: essa senhora √© retardada ela n√£o sabe que lula tem 9 milh√µes de previd√™ncia privada  @sakasakamori‚Ä¶ '
'rt @osvladpereira: #doismesesprofimdoanoe  lula anida n√£o foi preso porque ser√° hein  https://tco/pe5t9czvvt'
'rt @osvladpereira: #doismesesprofimdoanoe  lula anida n√£o foi preso porque ser√° hein  https://tco/pe5t9czvvt'
'rt @osvladpereira: #doismesesprofimdoanoe  lula anida n√£o foi preso porque ser√° hein  https://tco/pe5t9czvvt'
'rt @osvladpereira: #doismesesprofimdoanoe  lula anida n√£o foi preso porque ser√° hein  https://tco/pe5t9czvvt'
'rt @direita_blog:  #fimdopt https://tco/inzucbqlcu'
'o que √© multa pra um condenado  nada tem que ser preso   https://tco/qllhn8akwk'
"'@marcus_pestana @estadao eles n√£o t√™m consci√™ncia, so pensam em dinheiro e poder '"
'rt @mestre_tigresa: essa senhora √© retardada ela n√£o sabe que lula tem 9 milh√µes de previd√™ncia privada  @sakasakamori‚Ä¶ '
'rt @rosevlb: exigimos a pris√£o do l√≠der   https://tco/miqjxfvjcv'
'n√£o vamos deixar  https://tco/ffrmhvl1bo'
'https://tco/sthxpdkaqn '
'rt @mestre_tigresa: essa senhora √© retardada ela n√£o sabe que lula tem 9 milh√µes de previd√™ncia privada  @sakasakamori‚Ä¶ '
'esquerda quer confundir o eleitor r√©u e condenado com poss√≠veis candidatos  https://tco/izxdwcau60'
"'@o_antagonista vendo esse post combinado com https://tco/usbbxdjsnl  pergunto: tem politico envolvido, mas o judiciario esta limpo, certo '"
"'rt @mark_senkd:   agora que os sem-terras possuem terras, mas continuam nas ruas e n√£o trabalhando nelas, n√≥s p‚Ä¶ '"
'rt @rosevlb: exigimos a pris√£o do l√≠der   https://tco/miqjxfvjcv'
'@gleisi kkkkkk que piada '
'uauuuu paneleiro de valor  https://tco/ivw9s08snb'
'@lucrjviola @jornaloglobo @deltanmd '
'@claudioluisbraz @gleisi   #bolsonaro2018'
'infelizmente: deveria ser uma unanimidade  lulaladr√£o https://tco/okxzaeyg8q'
"'rt @mark_senkd:   agora que os sem-terras possuem terras, mas continuam nas ruas e n√£o trabalhando nelas, n√≥s p‚Ä¶ '"
'#caetanopedofilo #globolixo  #aeciovagabundo'
"'ansiosamente aguardando o ser√° que @inst_lula perde o emprego e @dilmabr, vai junto  november 03, 2017 at 09:00am'"
"'@oglobopolitica para lembrar com quem geddel andava, n√© petralhada   https://tco/ugqjpjatqn'"
'a esquerda √© est√∫pida no mundo todo  https://tco/qs9k1vhovl'
"'@sen_paulorocha se for para √¥nibus ou jatinho com certeza de explos√£o, at√© colaboro '"
'tem que ser preso  https://tco/vy7tlphm1m'
'rt @janoskimilton: tem que ser preso  https://tco/vy7tlphm1m'
'boudou detenido com uma mini cristina kirchner   quando    acabou a festa no spa da lava jato no porto de galinhas  https://tco/faxu8hrfdt'
'rt @rosevlb: exigimos a pris√£o do l√≠der   https://tco/miqjxfvjcv'
'rt @janoskimilton: tem que ser preso  https://tco/vy7tlphm1m'
'rt @janoskimilton: tem que ser preso  https://tco/vy7tlphm1m'
'@joelke70 @carlaomt242 @jairbolsonaro @veja '
'@paulacamara_ '
'rt @janoskimilton: tem que ser preso  https://tco/vy7tlphm1m'
'@uolnoticias divide naaaaoooooa imensa maioria quer luladrao na cadeiauma minoria demente √© que apoia esse bandido'
'@inst_lula @lulapelobrasil @mariadorosario @gleisi  quem √© o mentiroso internacional  #bolsonaro2018 https://tco/vvdlhnq5gr'
'rt @janoskimilton: tem que ser preso  https://tco/vy7tlphm1m'
'rt @paulopolitica: que temos q investiguem a fundo  https://tco/k17etj3yaa'
'rt @osvladpereira: #doismesesprofimdoanoe  lula anida n√£o foi preso porque ser√° hein  https://tco/pe5t9czvvt'
'rt @janoskimilton: tem que ser preso  https://tco/vy7tlphm1m'
'@uolnoticias divide ah tah üëá #lulaladr√£o  https://tco/svglomrees'
'rt @mestre_tigresa: essa senhora √© retardada ela n√£o sabe que lula tem 9 milh√µes de previd√™ncia privada  @sakasakamori‚Ä¶ '
"'rt @mark_senkd:   agora que os sem-terras possuem terras, mas continuam nas ruas e n√£o trabalhando nelas, n√≥s p‚Ä¶ '"
'@paulacamara_ @alexxbh   j√° üò†üò†üò†'
"'darren till, o lutador ingl√™s do ufc que apoia o bolsonaro  #bolsonaro2018 https://tco/o48re56phb'"
'lula ainda est√° solto  j√° https://tco/xk7bgjjjeh'
"'@jairbolsonaro 2018 , governo esquerdista pedindo ajuda para companha #lula vergonhoso '"
'rt @osvladpereira: #doismesesprofimdoanoe  lula anida n√£o foi preso porque ser√° hein  https://tco/pe5t9czvvt'
"'rt @ivydayube:   o foco n√£o pode ser desviado, esse canalha √© o chefe da orcrim @jcppinheirinho @hannajslima‚Ä¶ '"
'rt @osvladpereira: #doismesesprofimdoanoe  lula anida n√£o foi preso porque ser√° hein  https://tco/pe5t9czvvt'
'rt @mestre_tigresa: essa senhora √© retardada ela n√£o sabe que lula tem 9 milh√µes de previd√™ncia privada  @sakasakamori‚Ä¶ '
"'rt @ivydayube:   o foco n√£o pode ser desviado, esse canalha √© o chefe da orcrim @jcppinheirinho @hannajslima‚Ä¶ '"
"'rt @ivydayube:   o foco n√£o pode ser desviado, esse canalha √© o chefe da orcrim @jcppinheirinho @hannajslima‚Ä¶ '"
'ok galera primeiramente  o livre mercado √© a melhor solu√ß√£o para a crise econ√¥mica do brasil #anticomunista'
'o condenados pelo serjo moro #bolsonaro2018  https://tco/ff26uv6axp'
'rt @osvladpereira: #doismesesprofimdoanoe  lula anida n√£o foi preso porque ser√° hein  https://tco/pe5t9czvvt'
' https://tco/u2ckkngukj'
"'rt @mark_senkd:   agora que os sem-terras possuem terras, mas continuam nas ruas e n√£o trabalhando nelas, n√≥s p‚Ä¶ '"
'@jairbolsonaro estamos juntos   #brasilacimadetudo_deusacimadetodos  #bolsonaro2018  #nossabandeirajamaisseravermelha #globolixo'
' https://tco/fzsjiz1slf'
'rt @arcofi: https://tco/sthxpdkaqn '
"'rt @mark_senkd:   agora que os sem-terras possuem terras, mas continuam nas ruas e n√£o trabalhando nelas, n√≥s p‚Ä¶ '"
'@odecarvalho mas o pai da merda brasileira √© um s√≥: #luladrao  #lularapio '
"'prof @janainadobrasil, sou seu f√£ obrigado pelos bons servi√ßos prestados ao povo brasileiro  #ptnuncamais https://tco/bv8wus4u54'"
'rt @mark_senkd: se o mentor de  √© contra #bolsonaro2018 √© sinal de que estamos no caminho certo https://tco/5nm2sdffqi'
'rt @brsemcomunas: nossa esperan√ßa ainda bem que @rodrigojanot se foi queremos  https://tco/eaajglbnmg'
'rt @osvladpereira: #doismesesprofimdoanoe  lula anida n√£o foi preso porque ser√° hein  https://tco/pe5t9czvvt'
'rt @paulopolitica:    https://tco/gi5rhsrhk0'
'rt @paulopolitica:    https://tco/tnhqheurcr'
'rt @paulopolitica:    https://tco/ioqfxgwvd7'
'@dilmabr vaiisss f√∫uuuuder #interven√ß√£omilitar  https://tco/o4fljd2q3h'
"'rt @mark_senkd:   agora que os sem-terras possuem terras, mas continuam nas ruas e n√£o trabalhando nelas, n√≥s p‚Ä¶ '"
'lula √© corrupto contumaz est√° no seu dna  n√£o tem cura deus nos livre desse pilantra  #ptlixo #globolixo  #vejalixo #folhalixo'
'o oais da impunidade e nada de  #lavajato basta https://tco/fzeoboxrwq'
'@lulapelobrasil no que depender da minha vontade as reformas continuar√£o e vc vai para a cadeia chega de atraso desemprego falencia corrup√ß√'
'rt @rosevlb: exigimos a pris√£o do l√≠der   https://tco/miqjxfvjcv'
'rt @luxajuda: @tsejusbr    como √© que pode um bandido condenado fazendo campanha na cara do tse livremente e fora de‚Ä¶ '
'rt @mark_senkd: se o mentor de  √© contra #bolsonaro2018 √© sinal de que estamos no caminho certo https://tco/5nm2sdffqi'
"'@justiceiro_sujo lula,presidente mais corrupto,incompetente,mau car√°ter,fora da lei, e impune do pa√≠s     '"
'a @oglobo  desafia nossa paci√™ncia e intelig√™ncia  #ptlixo #esquerdopatas #lulalixo #globolixo #folhalixo #vejalixo https://tco/4d3pjmt61m'
'por isso estamos c 13 milh√µes de desempregados   https://tco/5ffbhbndhk'
'a minha bandeira jamais ser√° vermelha üò† #globolixo  #luladr√£o   eu realmente to puto com essa palha√ßada que ta esse pa√≠s'
"'rt @mark_senkd:   agora que os sem-terras possuem terras, mas continuam nas ruas e n√£o trabalhando nelas, n√≥s p‚Ä¶ '"
'rt @sandrabrasilia: lula em salinas: popula√ß√£o gritando ladr√£o  https://tco/yorcbck6rq'
'@paulacamara_  lulaladr√£o'
"'o pior do brasil √© lula/dilma/pt que o sacaram at√© quebr√°-lo sua militonta, idiota √∫til, manipulada por encantador de burros   https://tc'
"'n√£o √†s emendas da nefasta gleisehoffman que usa dinheiro p√∫blico p/patrocinar puxadinhoscriminosos do pt, mst/cut #ptnuncamais https://tco'
'bando de bandidos q roubam o brasil com apio de artistas decadentes     https://tco/07tfpy1q95'
"'rt @mark_senkd:   agora que os sem-terras possuem terras, mas continuam nas ruas e n√£o trabalhando nelas, n√≥s p‚Ä¶ '"
'@o_antagonista vamos l√° s√≥ acredito vendo '
'belo horizonte quer  https://tco/rwevh4wgsa'
'rt @luxajuda: @tsejusbr    como √© que pode um bandido condenado fazendo campanha na cara do tse livremente e fora de‚Ä¶ '
"'@elipenha @dricacamarario @cesarrow @rickmarabesi @dilmabr n√£o foi tirar a dilma pq √© pregui√ßoso mesmo e o tal c√©rebro, inexistente em vc'
' https://tco/9pnrj0wbm0'
'introduzindo bem devagarinho pro lula ir sentindo    https://tco/9iogdv0nbi'
"'@paulacamara_ bh n√£o √© seu lugar, lula fora '"
' https://tco/idqkn8xs5y'
'desde j√° vamos barrar   https://tco/qw6wzejrtt'
'rt @izidiooliver: desde j√° vamos barrar   https://tco/qw6wzejrtt'
"'o wp j√° tem seus lulas por l√° esse do brasil, deus dos pelegos, cometeu seu crimes d corrup√ß√£o e queremos ele na cadeia    https://tco/ar'
"'dos grandes intelectuais formadores de opiniao desse pais, e que defendem #minc, quantos tiveram o privilegio da lei rouanet '"
'@osvladpereira @ataqueaberto queria ter essa certeza '
'@marisascruz √© engra√ßado como certos fatos n√£o s√£o investigados e parece que nunca existiram '
'o mundo inteiro sabe que o pt quer dividir o brasil e promover uma guerra de brasileiros contra brasileiros  #eleicoes2018 #folha #g1 https://'
'@ajulysantos o √∫nico que tira meu voto do bolsonaro √© o jair o resto √© resto √© farei campanha forte pro mito √© antes que esque√ßa: '
'rt @osvladpereira: #doismesesprofimdoanoe  lula anida n√£o foi preso porque ser√° hein  https://tco/pe5t9czvvt'
"' ele n√£o √© rid√≠culo, muito menos salva√ß√£o, mas com certeza √© a melhor op√ß√£o  #mito #bolsonaro2018  https://tco/cplb9yso8v https://tco'
"'rt @azevroberto: @paulacamara_ bh n√£o √© seu lugar, lula fora '"
'rt @osvladpereira: #doismesesprofimdoanoe  lula anida n√£o foi preso porque ser√° hein  https://tco/pe5t9czvvt'
'rt @magalinevesferr: @osvladpereira @ataqueaberto queria ter essa certeza '
'rt @osvladpereira: #doismesesprofimdoanoe  lula anida n√£o foi preso porque ser√° hein  https://tco/pe5t9czvvt'
"'rt @mark_senkd:   agora que os sem-terras possuem terras, mas continuam nas ruas e n√£o trabalhando nelas, n√≥s p‚Ä¶ '"
'para n√£o repetir este tipo de fiasco eleito pelo povo √© que lutamos por  e  #bolsonaro2018  dilmanta na it√°lia - jan/17 https://tco/7juk1n8'
"'rt @mark_senkd: o problema do brasil √© o stf √© a casa de toler√¢ncia com a corrup√ß√£o, a impunidade e o cinismo ‚Ä¶ '"
'@rosevlb @helderbpeixe  #bolsonaro2018'
'rt @mark_senkd: para n√£o repetir este tipo de fiasco eleito pelo povo √© que lutamos por  e  #bolsonaro2018  dilmanta‚Ä¶ '
'rt @mark_senkd: para n√£o repetir este tipo de fiasco eleito pelo povo √© que lutamos por  e  #bolsonaro2018  dilmanta‚Ä¶ '
"'rt @mariamcastanha: s√≥ no brasil, um ladr√£o condenado fica aterrorizando a popula√ß√£o livremente  https://tco/rqexwjlglc'"
'rt @mark_senkd: para n√£o repetir este tipo de fiasco eleito pelo povo √© que lutamos por  e  #bolsonaro2018  dilmanta‚Ä¶ '
'rt @sandrabrasilia: lula em salinas: popula√ß√£o gritando ladr√£o  https://tco/yorcbck6rq'
'rt @sandrabrasilia: lula em salinas: popula√ß√£o gritando ladr√£o  https://tco/yorcbck6rq'
"' #chegadeimpunidade #marcoantoniovilla #jovempan pt est√° desesperado, mas vai desaparecer do congresso https://tco/olahfzhgjt'"
'sanat√≥riogeral: m√£e dos ricos https://tco/pzfsnpisu1 via @veja #lulanuncamais '
'rt @arcofi: https://tco/sthxpdkaqn '
"'rt @villamarcovilla:  #chegadeimpunidade #marcoantoniovilla #jovempan pt est√° desesperado, mas vai desaparecer do congresso https‚Ä¶'"
'rt @arcofi: sanat√≥riogeral: m√£e dos ricos https://tco/pzfsnpisu1 via @veja #lulanuncamais '
"'rt @villamarcovilla:  #chegadeimpunidade #marcoantoniovilla #jovempan pt est√° desesperado, mas vai desaparecer do congresso https‚Ä¶'"
'@alemendes0110 @paulacamara_ @panichiraphael olha que o pt tem muito dinheiro quem √≥culos o segundo lugar em pesquisas n√£o roubou tanto como'
"'m√≠dia enlouquece, porque quanto mais bate, mais bolsonaro cresceüòÇ #bolsonaro2018   j√° https://tco/63uc8ufpxo'"
'rt @mark_senkd: para n√£o repetir este tipo de fiasco eleito pelo povo √© que lutamos por  e  #bolsonaro2018  dilmanta‚Ä¶ '
'rt @mark_senkd: para n√£o repetir este tipo de fiasco eleito pelo povo √© que lutamos por  e  #bolsonaro2018  dilmanta‚Ä¶ '
"'rt @o_iluminado171: m√≠dia enlouquece, porque quanto mais bate, mais bolsonaro cresceüòÇ #bolsonaro2018   j√° https://tco/63u‚Ä¶'"
"'rt @villamarcovilla:  #chegadeimpunidade #marcoantoniovilla #jovempan pt est√° desesperado, mas vai desaparecer do congresso https‚Ä¶'"
'rt @mark_senkd: para n√£o repetir este tipo de fiasco eleito pelo povo √© que lutamos por  e  #bolsonaro2018  dilmanta‚Ä¶ '
"'@o_antagonista narizinho, miss pig, coxa ou amante (conforme planilha de propina da odebrecht) e esposa de ladr√£o de velhinhos aposentados ''
'rt @mark_senkd: para n√£o repetir este tipo de fiasco eleito pelo povo √© que lutamos por  e  #bolsonaro2018  dilmanta‚Ä¶ '
"'rt @villamarcovilla:  #chegadeimpunidade #marcoantoniovilla #jovempan pt est√° desesperado, mas vai desaparecer do congresso https‚Ä¶'"
"'rt @villamarcovilla:  #chegadeimpunidade #marcoantoniovilla #jovempan pt est√° desesperado, mas vai desaparecer do congresso https‚Ä¶'"
'rt @mark_senkd: para n√£o repetir este tipo de fiasco eleito pelo povo √© que lutamos por  e  #bolsonaro2018  dilmanta‚Ä¶ '
'rt @mark_senkd: para n√£o repetir este tipo de fiasco eleito pelo povo √© que lutamos por  e  #bolsonaro2018  dilmanta‚Ä¶ '
"'rt @villamarcovilla:  #chegadeimpunidade #marcoantoniovilla #jovempan pt est√° desesperado, mas vai desaparecer do congresso https‚Ä¶'"
'rt @mark_senkd: para n√£o repetir este tipo de fiasco eleito pelo povo √© que lutamos por  e  #bolsonaro2018  dilmanta‚Ä¶ '
'rt @arcofi: https://tco/sthxpdkaqn '
"'rt @villamarcovilla:  #chegadeimpunidade #marcoantoniovilla #jovempan pt est√° desesperado, mas vai desaparecer do congresso https‚Ä¶'"
'rt @arcofi: https://tco/sthxpdkaqn '
'rt @mark_senkd: para n√£o repetir este tipo de fiasco eleito pelo povo √© que lutamos por  e  #bolsonaro2018  dilmanta‚Ä¶ '
'rt @arcofi: sanat√≥riogeral: m√£e dos ricos https://tco/pzfsnpisu1 via @veja #lulanuncamais '
'rt @osvladpereira: #doismesesprofimdoanoe  lula anida n√£o foi preso porque ser√° hein  https://tco/pe5t9czvvt'
'rt @arcofi: https://tco/sthxpdkaqn '
"'rt @villamarcovilla:  #chegadeimpunidade #marcoantoniovilla #jovempan pt est√° desesperado, mas vai desaparecer do congresso https‚Ä¶'"
'rt @mark_senkd: para n√£o repetir este tipo de fiasco eleito pelo povo √© que lutamos por  e  #bolsonaro2018  dilmanta‚Ä¶ '
'rt @osvladpereira: #doismesesprofimdoanoe  lula anida n√£o foi preso porque ser√° hein  https://tco/pe5t9czvvt'
'rt @mark_senkd: para n√£o repetir este tipo de fiasco eleito pelo povo √© que lutamos por  e  #bolsonaro2018  dilmanta‚Ä¶ '
'rt @mark_senkd: para n√£o repetir este tipo de fiasco eleito pelo povo √© que lutamos por  e  #bolsonaro2018  dilmanta‚Ä¶ '
'rt @osvladpereira: #doismesesprofimdoanoe  lula anida n√£o foi preso porque ser√° hein  https://tco/pe5t9czvvt'
'rt @osvladpereira: #doismesesprofimdoanoe  lula anida n√£o foi preso porque ser√° hein  https://tco/pe5t9czvvt'
'rt @osvladpereira: #doismesesprofimdoanoe  lula anida n√£o foi preso porque ser√° hein  https://tco/pe5t9czvvt'
'rt @mark_senkd: para n√£o repetir este tipo de fiasco eleito pelo povo √© que lutamos por  e  #bolsonaro2018  dilmanta‚Ä¶ '
"'rt @mark_senkd:   agora que os sem-terras possuem terras, mas continuam nas ruas e n√£o trabalhando nelas, n√≥s p‚Ä¶ '"
'@jumagalhaesbh penta r√©u e que disse descaradamente que n√£o gostava de ler e nem estudar '
'@osvladpereira perfeito o brasil quer  '
"'rt @villamarcovilla:  #chegadeimpunidade #marcoantoniovilla #jovempan pt est√° desesperado, mas vai desaparecer do congresso https‚Ä¶'"
'rt @osvladpereira: #doismesesprofimdoanoe  lula anida n√£o foi preso porque ser√° hein  https://tco/pe5t9czvvt'
'rt @mark_senkd: para n√£o repetir este tipo de fiasco eleito pelo povo √© que lutamos por  e  #bolsonaro2018  dilmanta‚Ä¶ '
'rt @mark_senkd: para n√£o repetir este tipo de fiasco eleito pelo povo √© que lutamos por  e  #bolsonaro2018  dilmanta‚Ä¶ '
'rt @mark_senkd: para n√£o repetir este tipo de fiasco eleito pelo povo √© que lutamos por  e  #bolsonaro2018  dilmanta‚Ä¶ '
'rt @osvladpereira: #doismesesprofimdoanoe  lula anida n√£o foi preso porque ser√° hein  https://tco/pe5t9czvvt'
'rt @mark_senkd: para n√£o repetir este tipo de fiasco eleito pelo povo √© que lutamos por  e  #bolsonaro2018  dilmanta‚Ä¶ '
'rt @rosevlb: exigimos a pris√£o do l√≠der   https://tco/miqjxfvjcv'
"'sonho da esquerda √© transformar brasil numa venezuela, ditadura disfar√ßada de democracia   j√° https://tco/5eeeictgxl'"
'rt @mark_senkd: para n√£o repetir este tipo de fiasco eleito pelo povo √© que lutamos por  e  #bolsonaro2018  dilmanta‚Ä¶ '
'rt @mark_senkd: para n√£o repetir este tipo de fiasco eleito pelo povo √© que lutamos por  e  #bolsonaro2018  dilmanta‚Ä¶ '
'rt @leitungleitung: @dilmabr vaiisss f√∫uuuuder #interven√ß√£omilitar  https://tco/o4fljd2q3h'
'rt @mark_senkd: para n√£o repetir este tipo de fiasco eleito pelo povo √© que lutamos por  e  #bolsonaro2018  dilmanta‚Ä¶ '
'lula doa por decret r$ 25 milh√µes √† reconstru√ß√£o da faixa de gaza  leia mais: https://tco/hkqvvdcasz  stest @lulapelobrasil  https://tco/q'
'rt @mark_senkd: para n√£o repetir este tipo de fiasco eleito pelo povo √© que lutamos por  e  #bolsonaro2018  dilmanta‚Ä¶ '
"'@dilmabr cala tua boca , o pt sempre sustentou a #globolixo  no teu desgoverno e no do   #interven√ß√£omilitarj√° https://tco/g9g8lgzarr'"
'rt @ezequiasns: @simonerj_br @heliovesp  https://tco/w0bzl2815d'
'rt @mark_senkd: para n√£o repetir este tipo de fiasco eleito pelo povo √© que lutamos por  e  #bolsonaro2018  dilmanta‚Ä¶ '
'rt @mark_senkd: para n√£o repetir este tipo de fiasco eleito pelo povo √© que lutamos por  e  #bolsonaro2018  dilmanta‚Ä¶ '
'rt @leitungleitung: @dilmabr vaiisss f√∫uuuuder #interven√ß√£omilitar  https://tco/o4fljd2q3h'
'rt @mark_senkd: para n√£o repetir este tipo de fiasco eleito pelo povo √© que lutamos por  e  #bolsonaro2018  dilmanta‚Ä¶ '
"'rt @leoprr01: mais um passo de maduro 9dedos, gleisi e outros seguiriam essa linha, se o br deixasse   https://tco/bd40o74x‚Ä¶'"
"'rt @mark_senkd: o problema do brasil √© o stf √© a casa de toler√¢ncia com a corrup√ß√£o, a impunidade e o cinismo ‚Ä¶ '"
'@o_antagonista @fitzca bora gastar $p√∫blico com mais porcaria '
'quermesse foi mais importante  https://tco/xkvuipgmiq'
'rt @mark_senkd: para n√£o repetir este tipo de fiasco eleito pelo povo √© que lutamos por  e  #bolsonaro2018  dilmanta‚Ä¶ '
'rt @mark_senkd: para n√£o repetir este tipo de fiasco eleito pelo povo √© que lutamos por  e  #bolsonaro2018  dilmanta‚Ä¶ '
'lugar de condenado √© na cadeia   #vejalixo @veja  https://tco/vkwnx8hhek'
'@lucrjviola @jornaloglobo @deltanmd  da papuda'
'rt @osvladpereira: #doismesesprofimdoanoe  lula anida n√£o foi preso porque ser√° hein  https://tco/pe5t9czvvt'
'rt @mark_senkd: para n√£o repetir este tipo de fiasco eleito pelo povo √© que lutamos por  e  #bolsonaro2018  dilmanta‚Ä¶ '
'rt @mark_senkd: para n√£o repetir este tipo de fiasco eleito pelo povo √© que lutamos por  e  #bolsonaro2018  dilmanta‚Ä¶ '