'@redeglobo reforÌ¤a preconceito  #lulaporminasgerais como a diversidade do brasil Ì© representada na https://tco/jlt53asta3';;
'rt @gleisi: ‰ÛÏisto Ì©‰Û fiasco para vocÌ»  #lulaporminasgerais https://tco/nywwdovksh';;
'rt @gleisi: ‰ÛÏisto Ì©‰Û fiasco para vocÌ»  #lulaporminasgerais https://tco/nywwdovksh';;
'rt @dilmaresiste: parte3 a tv al jazeera desvenda como a @redeglobo reforÌ¤a preconceitos e estereÌ_tipos ‰Û_ ';;
'rt @deputadofederal: lula Ì© culpado  https://tco/amg37lwmws';;
'rt @lindberghfarias: como bem disse o lula, olha aÌ_ o pinguinho de gente registrado pelo drone  https://tco/nvdngifw2d';;
'rt @dilmaresiste: parte3 a tv al jazeera desvenda como a @redeglobo reforÌ¤a preconceitos e estereÌ_tipos ‰Û_ ';;
'rt @gleisi: ‰ÛÏisto Ì©‰Û fiasco para vocÌ»  #lulaporminasgerais https://tco/nywwdovksh';;
'rt @gleisi: ‰ÛÏisto Ì©‰Û fiasco para vocÌ»  #lulaporminasgerais https://tco/nywwdovksh';;
'retweeted gleisi hoffmann (@gleisi):  ‰ÛÏisto Ì©‰Û fiasco para vocÌ»  #lulaporminasgerais https://tco/zs49oux3fv';;
'rt @lulapelobrasil: vocÌ»s sabem que eu nÌ£o seria nada sem minas gerais um abraÌ¤o e atÌ© mais #lulaporminasgerais ';;
'rt @ptbrasil: olha a multidÌ£o no ato de encerramento da caravana de minas gerais  #lulaporminasgerais foto: ricard‰Û_ ';;
'rt @lulapelobrasil: vocÌ»s sabem que eu nÌ£o seria nada sem minas gerais um abraÌ¤o e atÌ© mais #lulaporminasgerais ';;
'rt @gleisi: ‰ÛÏisto Ì©‰Û fiasco para vocÌ»  #lulaporminasgerais https://tco/nywwdovksh';;
'rt @gleisi: ‰ÛÏisto Ì©‰Û fiasco para vocÌ»  #lulaporminasgerais https://tco/nywwdovksh';;
'rt @gleisi: ‰ÛÏisto Ì©‰Û fiasco para vocÌ»  #lulaporminasgerais https://tco/nywwdovksh';;
'rt @ptbrasil: olha a multidÌ£o no ato de encerramento da caravana de minas gerais  #lulaporminasgerais foto: ricard‰Û_ ';;
'rt @lindberghfarias: como bem disse o lula, olha aÌ_ o pinguinho de gente registrado pelo drone  https://tco/nvdngifw2d';;
'rt @ptbrasil: olha a multidÌ£o que foi dar parabÌ©ns ao @lulapelobrasil #lulaporminasgerais   https://tco/dxsozaq0ca';;
'la vem ele  #ferrou https://tco/yjpdld7u8l';;
'rt @dilmaresiste: ministro reduz salÌÁrio mÌ_nimo para 2018 e diz: o povo precisa ajudar  #lulaporminasgerais #dr https:‰Û_';;
'rt @ptnacamara: campanha de arrecadaÌ¤Ì£o online da caravana  acesse: https://tco/5aslmbgm8h https://tco/jtkfcdvh5n';;
'rt @annalugama: campanha de financiamento coletivo para a caravana  seja companheiro faÌ¤a sua doaÌ¤Ì£o online, acesse‰Û_ ';;
'rt @dilmaresiste: parte3 a tv al jazeera desvenda como a @redeglobo reforÌ¤a preconceitos e estereÌ_tipos ‰Û_ ';;
'rt @dilmaresiste: parte3 a tv al jazeera desvenda como a @redeglobo reforÌ¤a preconceitos e estereÌ_tipos ‰Û_ ';;
'rt @dilmaresiste: parte2 a tv al jazeera desvenda como a @redeglobo reforÌ¤a preconceitos e estereÌ_tipos ‰Û_ ';;
'rt @dilmaresiste: parte1 a tv al jazeera desvenda como a @redeglobo reforÌ¤a preconceitos e estereÌ_tipos ‰Û_ ';;
'rt @dilmaresiste: veja o que bolsonaro responde ao ser preguntado sobre economia como pode querer ser presidente ‰Û_ ';;
'rt @dilmaresiste: veja o que bolsonaro responde ao ser preguntado sobre economia como pode querer ser presidente ‰Û_ ';;
'rt @dilmaresiste: parte3 a tv al jazeera desvenda como a @redeglobo reforÌ¤a preconceitos e estereÌ_tipos ‰Û_ ';;
'rt @dilmaresiste:  #lulaporminasgerais revista da editora abril publicou matÌ©ria falando sobre a lideranÌ¤a de lula https:‰Û_';;
'retweeted dilma resistente (@dilmaresiste):   #lulaporminasgerais revista da editora abril https://tco/fwnd2ns4po';;
'rt @dilmaresiste: parte2 a tv al jazeera desvenda como a @redeglobo reforÌ¤a preconceitos e estereÌ_tipos ‰Û_ ';;
'rt @dilmaresiste: parte2 a tv al jazeera desvenda como a @redeglobo reforÌ¤a preconceitos e estereÌ_tipos ‰Û_ ';;
'rt @dilmaresiste: parte3 a tv al jazeera desvenda como a @redeglobo reforÌ¤a preconceitos e estereÌ_tipos ‰Û_ ';;
'rt @ptnacamara: campanha de arrecadaÌ¤Ì£o online da caravana  acesse: https://tco/5aslmbgm8h https://tco/jtkfcdvh5n';;
'sono veio e vou com ele Ì_tima 6å» aos amigos que apoiam  _ÙÔ #finadalavajato _Ù÷Á zzzzzzzzz_Ù÷÷ https://tco/w70edacmyx';;
'rt @ptnacamara: campanha de arrecadaÌ¤Ì£o online da caravana  acesse: https://tco/5aslmbgm8h https://tco/hsgo0uyyku';;
'rt @ptnacamara: campanha de arrecadaÌ¤Ì£o online da caravana  acesse: https://tco/5aslmbgm8h https://tco/jtkfcdvh5n';;
'rt @deputadofederal: lula Ì© culpado  https://tco/amg37lwmws';;
'rt @ptnacamara: campanha de arrecadaÌ¤Ì£o online da caravana  acesse: https://tco/5aslmbgm8h https://tco/hsgo0uyyku';;
'brasil treina para criar base militar com os eua, colÌ«mbia e peru na amazÌ«nia  #lulaporminasgerais https://tco/nbmyzfgeoh';;
'@ptnacamara kkkk eu jÌÁ doei  tÌ« dentro  ';;
'rt @ptbrasil: nos braÌ¤os do povo, @lulapelobrasil encerra caravana apÌ_s oito dias em mg leia: https://tco/kencdav4hg  #lul‰Û_';;
'@jairbolsonaro @veja vc jÌÁ perdeu amado  vai dar pt sim querido   #lula2018';;
'rt @marivoneprof: @niltonpt13 @cristianefraga sempre tem os diferentes  _Ùªã_Ùªã_Ùªã_Ùªã que bom _ÙÔ_ÙÔ_ÙÔ_ÙÔ   continua atÌ©‰Û_ ';;
'rt @dilmaresiste: parte2 a tv al jazeera desvenda como a @redeglobo reforÌ¤a preconceitos e estereÌ_tipos ‰Û_ ';;
'rt @marivoneprof: sono veio e vou com ele Ì_tima 6å» aos amigos que apoiam  _ÙÔ #finadalavajato _Ù÷Á zzzzzzzzz_Ù÷÷ https://tco/w‰Û_';;
'rt @ptbrasil: colabore com a campanha de financiamento e ajude as caravanas de  https://tco/hxys5hqukv https://tco/3qfhsiz‰Û_';;
'rt @marivoneprof: sono veio e vou com ele Ì_tima 6å» aos amigos que apoiam  _ÙÔ #finadalavajato _Ù÷Á zzzzzzzzz_Ù÷÷ https://tco/w‰Û_';;
'rt @dilmaresiste: veja o que bolsonaro responde ao ser preguntado sobre economia como pode querer ser presidente ‰Û_ ';;
'rt @dilmaresiste: parte1 a tv al jazeera desvenda como a @redeglobo reforÌ¤a preconceitos e estereÌ_tipos ‰Û_ ';;
'@dilmaresiste golpe treina para criar base militar com os eua, colÌ«mbia e peru na amazÌ«nia  #lulaporminasgerais';;
'rt @gleisi: lindo ato na praÌ¤a da estaÌ¤Ì£o em belo horizonte encerramento da caravana #lulaporminasgerais  https://tco/sec5‰Û_';;
'rt @gleisi: ato com lula em belo horizonte, minas gerais #lulaporminasgerais  https://tco/aqimybajw8';;
'rt @andretelesur: @lulapelobrasil acaba de llegar al acto  https://tco/q5cmyqxk9y';;
'rt @gleisi: ato de encerramento da caravana #lulaporminasgerais, ao vivo em belo horizonte  https://tco/wuhh8uzax0';;
'rt @gleisi: participo de ato em bocaiÌ¼va-mg, com lula #lulaporminasgerais  https://tco/hqtmsfajy5';;
'rt @gleisi: #aovivo | a caravana lula pelo brasil chega agora a montes claros - mg #lulaporminasgerais  https://tco/bayhn4‰Û_';;
'rt @gleisi: jÌÁ jÌÁ comeÌ¤a aqui em montes claros #lulaporminasgerais  https://tco/sugvon6old';;
'rt @gleisi: ‰ÛÏisto Ì©‰Û fiasco para vocÌ»  #lulaporminasgerais https://tco/nywwdovksh';;
'rt @annalugama: campanha de financiamento coletivo para a caravana  seja companheiro faÌ¤a sua doaÌ¤Ì£o online, acesse‰Û_ ';;
'rt @dilmaresiste: brasil treina para criar base militar com os eua, colÌ«mbia e peru na amazÌ«nia  #lulaporminasgerais https:/‰Û_';;
'rt @annalugama: campanha de financiamento coletivo para a caravana  seja companheiro faÌ¤a sua doaÌ¤Ì£o online, acesse‰Û_ ';;
'rt @dilmaresiste: parte1 a tv al jazeera desvenda como a @redeglobo reforÌ¤a preconceitos e estereÌ_tipos ‰Û_ ';;
'rt @marivoneprof: sono veio e vou com ele Ì_tima 6å» aos amigos que apoiam  _ÙÔ #finadalavajato _Ù÷Á zzzzzzzzz_Ù÷÷ https://tco/w‰Û_';;
'rt @dilmaresiste: deputados da inglaterra, escÌ_cia e eua dizem que moro Ì© alinhado com psdb/pmdb  https://tco/ckdwbivcad';;
'rt @dilmaresiste: deputados da inglaterra, escÌ_cia e eua dizem que moro Ì© alinhado com psdb/pmdb  https://tco/ckdwbivcad';;
'rt @gleisi: ‰ÛÏisto Ì©‰Û fiasco para vocÌ»  #lulaporminasgerais https://tco/nywwdovksh';;
'rt @gleisi: ‰ÛÏisto Ì©‰Û fiasco para vocÌ»  #lulaporminasgerais https://tco/nywwdovksh';;
'novamente https://tco/pz9tufmnov';;
'parte1 entenda os efeitos nefastos da ref trabalhista foi p/isso q @fiesp @redeglobo patrocinaram golpe rumo ÌÊ escravidÌ£o  https://tco/ishdr'
'rt @dilmaresiste: deputados da inglaterra, escÌ_cia e eua dizem que moro Ì© alinhado com psdb/pmdb  https://tco/ckdwbivcad';;
'efeitos nefastos da reforma trabalhista  #lulaporminasgerais foi pra isso que a @fiesp e https://tco/zgdnmyqm9h';;
'parte2 entenda os efeitos nefastos da ref trabalhista foi p/isso q @fiesp @redeglobo patrocinaram golpe rumo ÌÊ escravidÌ£o  https://tco/bpnke'
'rt @dilmaresiste: efeitos nefastos da reforma trabalhista  #lulaporminasgerais foi pra isso que a @fiesp e https://tco/z‰Û_';;
' https://tco/o04pfqmzx9';;
' https://tco/e9hx95mmge';;
'rt @ptbrasil: olha a multidÌ£o no ato de encerramento da caravana de minas gerais  #lulaporminasgerais foto: ricard‰Û_ ';;
'rt @gleisi: ‰ÛÏisto Ì©‰Û fiasco para vocÌ»  #lulaporminasgerais https://tco/nywwdovksh';;
'rt @gleisi: ‰ÛÏisto Ì©‰Û fiasco para vocÌ»  #lulaporminasgerais https://tco/nywwdovksh';;
'rt @gleisi: ‰ÛÏisto Ì©‰Û fiasco para vocÌ»  #lulaporminasgerais https://tco/nywwdovksh';;
'retweeted gleisi hoffmann (@gleisi):  ‰ÛÏisto Ì©‰Û fiasco para vocÌ»  #lulaporminasgerais https://tco/idr1v9mmfy';;
'rt @dilmaresiste: homem bomba de sergio moro serÌÁ ouvido na cpmi da jbs  #lulaporminasgerais o bicho vai pegar #dr https‰Û_';;
'rt @dilmaresiste: brasil treina para criar base militar com os eua, colÌ«mbia e peru na amazÌ«nia  #lulaporminasgerais https:/‰Û_';;
'rt @ptnacamara: campanha de arrecadaÌ¤Ì£o online da caravana  acesse: https://tco/5aslmbgm8h https://tco/jtkfcdvh5n';;
'rt @gleisi: ‰ÛÏisto Ì©‰Û fiasco para vocÌ»  #lulaporminasgerais https://tco/nywwdovksh';;
'rt @gleisi: ‰ÛÏisto Ì©‰Û fiasco para vocÌ»  #lulaporminasgerais https://tco/nywwdovksh';;
'rt @dilmaresiste: efeitos nefastos da reforma trabalhista  #lulaporminasgerais foi pra isso que a @fiesp e https://tco/z‰Û_';;
'rt @gleisi: ‰ÛÏisto Ì©‰Û fiasco para vocÌ»  #lulaporminasgerais https://tco/nywwdovksh';;
'rt @dilmaresiste: o ÌÁudio da entrevista de tacla duran com wadih e paulo pimenta  #lulaporminasgerais #dr dilma https://t‰Û_';;
'rt @gleisi: ‰ÛÏisto Ì©‰Û fiasco para vocÌ»  #lulaporminasgerais https://tco/nywwdovksh';;
'rt @dilmaresiste: o ÌÁudio da entrevista de tacla duran com wadih e paulo pimenta  #lulaporminasgerais #dr dilma https://t‰Û_';;
'rt @dilmaresiste: deputados da inglaterra, escÌ_cia e eua dizem que moro Ì© alinhado com psdb/pmdb  https://tco/ckdwbivcad';;
'rt @dilmaresiste: deputados da inglaterra, escÌ_cia e eua dizem que moro Ì© alinhado com psdb/pmdb  https://tco/ckdwbivcad';;
'rt @dilmaresiste: parte3 a tv al jazeera desvenda como a @redeglobo reforÌ¤a preconceitos e estereÌ_tipos ‰Û_ ';;
'rt @dilmaresiste: deputados da inglaterra, escÌ_cia e eua dizem que moro Ì© alinhado com psdb/pmdb  https://tco/ckdwbivcad';;
'rt @marivoneprof: sono veio e vou com ele Ì_tima 6å» aos amigos que apoiam  _ÙÔ #finadalavajato _Ù÷Á zzzzzzzzz_Ù÷÷ https://tco/w‰Û_';;
'rt @dilmaresiste: deputados da inglaterra, escÌ_cia e eua dizem que moro Ì© alinhado com psdb/pmdb  https://tco/ckdwbivcad';;
'rt @dilmaresiste: deputados da inglaterra, escÌ_cia e eua dizem que moro Ì© alinhado com psdb/pmdb  https://tco/ckdwbivcad';;
'rt @dilmaresiste: deputados da inglaterra, escÌ_cia e eua dizem que moro Ì© alinhado com psdb/pmdb  https://tco/ckdwbivcad';;
'rt @mbrandrea: participe, contribua ‰_•ü campanha financiamento coletivo da caravana de   ‰_•ü doaÌ¤Ì£o online, acesse:‰Û_ ';;
'qual deles Ì© o mais evoluÌ_do eu saberia dizer qual Ì© o mais primitivo  #lulaporminasgerais https://tco/spmdmk8dtu';;
'rt @dilmaresiste: o ÌÁudio da entrevista de tacla duran com wadih e paulo pimenta  #lulaporminasgerais #dr dilma https://t‰Û_';;
'rt @dilmaresiste: deputados da inglaterra, escÌ_cia e eua dizem que moro Ì© alinhado com psdb/pmdb  https://tco/ckdwbivcad';;
'brasil treina para criar base militar com os eua, colÌ«mbia e peru na amazÌ«nia  #lulaporminasgerais https://tco/rrundkgg5f';;
'rt @dilmaresiste: qual deles Ì© o mais evoluÌ_do eu saberia dizer qual Ì© o mais primitivo  #lulaporminasgerais https://tco/‰Û_';;
'rt @dilmaresiste: brasil treina para criar base militar com os eua, colÌ«mbia e peru na amazÌ«nia  #lulaporminasgerais http‰Û_';;
'rt @dilmaresiste: qual deles Ì© o mais evoluÌ_do eu saberia dizer qual Ì© o mais primitivo  #lulaporminasgerais https://tco/‰Û_';;
'rt @dilmaresiste: brasil treina para criar base militar com os eua, colÌ«mbia e peru na amazÌ«nia  #lulaporminasgerais http‰Û_';;
'rt @lindberghfarias: como bem disse o lula, olha aÌ_ o pinguinho de gente registrado pelo drone  https://tco/nvdngifw2d';;
'rt @dilmaresiste: qual deles Ì© o mais evoluÌ_do eu saberia dizer qual Ì© o mais primitivo  #lulaporminasgerais https://tco/‰Û_';;
'rt @deputadofederal: lula Ì© culpado  https://tco/amg37lwmws';;
'rt @dilmaresiste: qual deles Ì© o mais evoluÌ_do eu saberia dizer qual Ì© o mais primitivo  #lulaporminasgerais https://tco/‰Û_';;
'rt @dilmaresiste: qual deles Ì© o mais evoluÌ_do eu saberia dizer qual Ì© o mais primitivo  #lulaporminasgerais https://tco/‰Û_';;
'rt @dilmaresiste: brasil treina para criar base militar com os eua, colÌ«mbia e peru na amazÌ«nia  #lulaporminasgerais http‰Û_';;
'rt @gleisi: ‰ÛÏisto Ì©‰Û fiasco para vocÌ»  #lulaporminasgerais https://tco/nywwdovksh';;
'rt @dilmaresiste: qual deles Ì© o mais evoluÌ_do eu saberia dizer qual Ì© o mais primitivo  #lulaporminasgerais https://tco/‰Û_';;
'rt @lulapelobrasil: ultimamente eu estou falando: tenho 72 anos, energia de 30 e tesÌ£o pra brigar de 20 #lulaporminasgerais ';;
'rt @dilmaresiste: qual deles Ì© o mais evoluÌ_do eu saberia dizer qual Ì© o mais primitivo  #lulaporminasgerais https://tco/‰Û_';;
'rt @dilmaresiste: qual deles Ì© o mais evoluÌ_do eu saberia dizer qual Ì© o mais primitivo  #lulaporminasgerais https://tco/‰Û_';;
'rt @dilmaresiste: deputados da inglaterra, escÌ_cia e eua dizem que moro Ì© alinhado com psdb/pmdb  https://tco/ckdwbivcad';;
'rt @dilmaresiste: qual deles Ì© o mais evoluÌ_do eu saberia dizer qual Ì© o mais primitivo  #lulaporminasgerais https://tco/‰Û_';;
'rt @dilmaresiste: qual deles Ì© o mais evoluÌ_do eu saberia dizer qual Ì© o mais primitivo  #lulaporminasgerais https://tco/‰Û_';;
'rt @ptbrasil: colabore com a campanha de financiamento e ajude as caravanas de  https://tco/hxys5hqukv https://tco/3qfhsiz‰Û_';;
'rt @dilmaresiste: qual deles Ì© o mais evoluÌ_do eu saberia dizer qual Ì© o mais primitivo  #lulaporminasgerais https://tco/‰Û_';;
'rt @dilmaresiste: qual deles Ì© o mais evoluÌ_do eu saberia dizer qual Ì© o mais primitivo  #lulaporminasgerais https://tco/‰Û_';;
'rt @dilmaresiste: o ÌÁudio da entrevista de tacla duran com wadih e paulo pimenta  #lulaporminasgerais #dr dilma https://t‰Û_';;
'rt @dilmaresiste: qual deles Ì© o mais evoluÌ_do eu saberia dizer qual Ì© o mais primitivo  #lulaporminasgerais https://tco/‰Û_';;
'melÌ« do coxinha  #lulaporminasgerais eu avisei, coxinha nÌ£o reclama ‰ª» vocÌ» vai se fu* deixa pra lÌÁ, melhor eu nem falar ‰ªÇ https://tco/'
'rt @ptnacamara: campanha de arrecadaÌ¤Ì£o online da caravana  acesse: https://tco/5aslmbgm8h https://tco/jtkfcdvh5n';;
'rt @dilmaresiste: qual deles Ì© o mais evoluÌ_do eu saberia dizer qual Ì© o mais primitivo  #lulaporminasgerais https://tco/‰Û_';;
'rt @dilmaresiste: melÌ« do coxinha  #lulaporminasgerais eu avisei, coxinha nÌ£o reclama ‰ª» vocÌ» vai se fu* deixa pra lÌÁ,‰Û_ ';;
'rt @dilmaresiste: qual deles Ì© o mais evoluÌ_do eu saberia dizer qual Ì© o mais primitivo  #lulaporminasgerais https://tco/‰Û_';;
'rt @dilmaresiste: melÌ« do coxinha  #lulaporminasgerais eu avisei, coxinha nÌ£o reclama ‰ª» vocÌ» vai se fu* deixa pra lÌÁ,‰Û_ ';;
'rt @dilmaresiste: melÌ« do coxinha  #lulaporminasgerais eu avisei, coxinha nÌ£o reclama ‰ª» vocÌ» vai se fu* deixa pra lÌÁ,‰Û_ ';;
'rt @dilmaresiste: qual deles Ì© o mais evoluÌ_do eu saberia dizer qual Ì© o mais primitivo  #lulaporminasgerais https://tco/‰Û_';;
'vai de vento em popa o reconhecimento medroso do peso do , e a busca desesperada de um macron tupiniquim dÌ_ria jÌÁ mascou https://tco/14fk756'
'vai de vento em popa o reconhecimento medroso do peso do , e a busca desesperada de um macron https://tco/6gdkvvumej';;
'eu contribuÌ_ e faÌ¤o parte dessa histÌ_ria -  https://tco/sv9vhnl2ri #caravana ';;
'rt @dilmaresiste: melÌ« do coxinha  #lulaporminasgerais eu avisei, coxinha nÌ£o reclama ‰ª» vocÌ» vai se fu* deixa pra lÌÁ,‰Û_ ';;
'rt @paulimbh: vai de vento em popa o reconhecimento medroso do peso do , e a busca desesperada de um macron tupini‰Û_ ';;
'rt @souguereira: eu contribuÌ_ e faÌ¤o parte dessa histÌ_ria -  https://tco/sv9vhnl2ri #caravana ';;
'rt @paulimbh: vai de vento em popa o reconhecimento medroso do peso do , e a busca desesperada de um macron tupini‰Û_ ';;
'rt @dilmaresiste: qual deles Ì© o mais evoluÌ_do eu saberia dizer qual Ì© o mais primitivo  #lulaporminasgerais https://tco/‰Û_';;
'rt @dilmaresiste: melÌ« do coxinha  #lulaporminasgerais eu avisei, coxinha nÌ£o reclama ‰ª» vocÌ» vai se fu* deixa pra lÌÁ,‰Û_ ';;
'rt @dilmaresiste: qual deles Ì© o mais evoluÌ_do eu saberia dizer qual Ì© o mais primitivo  #lulaporminasgerais https://tco/‰Û_';;
'Ì© verdade, mas sÌ£o os de baixo que levam a melhor nas eleiÌ¤Ìµes bolsonaro Ì© sÌ_ um fantoche dos tucanos  #lulaporminasgerais https://tco/2'
'rt @dilmaresiste: melÌ« do coxinha  #lulaporminasgerais eu avisei, coxinha nÌ£o reclama ‰ª» vocÌ» vai se fu* deixa pra lÌÁ,‰Û_ ';;
'rt @leila_argollo: o ÌÁudio da entrevista de tacla duran com wadih e paulo pimenta https://tco/u6ogubplt6   #resistenciazedi‰Û_';;
'rt @ptnacamara: campanha de arrecadaÌ¤Ì£o online da caravana  acesse: https://tco/5aslmbgm8h https://tco/jtkfcdvh5n';;
'rt @dilmaresiste: qual deles Ì© o mais evoluÌ_do eu saberia dizer qual Ì© o mais primitivo  #lulaporminasgerais https://tco/‰Û_';;
'rt @dilmaresiste: qual deles Ì© o mais evoluÌ_do eu saberia dizer qual Ì© o mais primitivo  #lulaporminasgerais https://tco/‰Û_';;
'rt @dilmaresiste: qual deles Ì© o mais evoluÌ_do eu saberia dizer qual Ì© o mais primitivo  #lulaporminasgerais https://tco/‰Û_';;
'rt @dilmaresiste: melÌ« do coxinha  #lulaporminasgerais eu avisei, coxinha nÌ£o reclama ‰ª» vocÌ» vai se fu* deixa pra lÌÁ,‰Û_ ';;
'rt @dilmaresiste: qual deles Ì© o mais evoluÌ_do eu saberia dizer qual Ì© o mais primitivo  #lulaporminasgerais https://tco/‰Û_';;
'rt @dilmaresiste: qual deles Ì© o mais evoluÌ_do eu saberia dizer qual Ì© o mais primitivo  #lulaporminasgerais https://tco/‰Û_';;
'rt @gleisi: ‰ÛÏisto Ì©‰Û fiasco para vocÌ»  #lulaporminasgerais https://tco/nywwdovksh';;
'rt @deputadofederal: lula Ì© culpado  https://tco/amg37lwmws';;
'rt @dilmaresiste: veja o que bolsonaro responde ao ser preguntado sobre economia como pode querer ser presidente ‰Û_ ';;
'rt @dilmaresiste: melÌ« do coxinha  #lulaporminasgerais eu avisei, coxinha nÌ£o reclama ‰ª» vocÌ» vai se fu* deixa pra lÌÁ,‰Û_ ';;
'rt @dilmaresiste: melÌ« do coxinha  #lulaporminasgerais eu avisei, coxinha nÌ£o reclama ‰ª» vocÌ» vai se fu* deixa pra lÌÁ,‰Û_ ';;
'rt @dilmaresiste: qual deles Ì© o mais evoluÌ_do eu saberia dizer qual Ì© o mais primitivo  #lulaporminasgerais https://tco/‰Û_';;
'rt @dilmaresiste: melÌ« do coxinha  #lulaporminasgerais eu avisei, coxinha nÌ£o reclama ‰ª» vocÌ» vai se fu* deixa pra lÌÁ,‰Û_ ';;
'rt @dilmaresiste: deputados da inglaterra, escÌ_cia e eua dizem que moro Ì© alinhado com psdb/pmdb  https://tco/ckdwbivcad';;
'que falta fazem darcy brizola e tantos outros lÌ¼cidos e comprometidos c/o povo tal como @lulapelobrasil  #lulaporminasgerais https://tco/rfsl'
'rt @gleisi: ‰ÛÏisto Ì©‰Û fiasco para vocÌ»  #lulaporminasgerais https://tco/nywwdovksh';;
'rt @dilmaresiste: condenado a 32 anos, stf assume q nÌ£o hÌÁ provas cabais contra @zedirceufrases  q paÌ_s Ì© esse ‰Û_ ';;
'rt @dilmaresiste: qual deles Ì© o mais evoluÌ_do eu saberia dizer qual Ì© o mais primitivo  #lulaporminasgerais https://tco/‰Û_';;
'rt @dilmaresiste: qual deles Ì© o mais evoluÌ_do eu saberia dizer qual Ì© o mais primitivo  #lulaporminasgerais https://tco/‰Û_';;
'rt @dilmaresiste: qual deles Ì© o mais evoluÌ_do eu saberia dizer qual Ì© o mais primitivo  #lulaporminasgerais https://tco/‰Û_';;
'rt @dilmaresiste: no aniversÌÁrio de 72 anos de lula essa garota gravou esse depoimento  #lulaporminasgerais na Ì_ntegra‰Û_ ';;
'rt @gleisi: ‰ÛÏisto Ì©‰Û fiasco para vocÌ»  #lulaporminasgerais https://tco/nywwdovksh';;
'rt @dilmaresiste: qual deles Ì© o mais evoluÌ_do eu saberia dizer qual Ì© o mais primitivo  #lulaporminasgerais https://tco/‰Û_';;
'rt @dilmaresiste: melÌ« do coxinha  #lulaporminasgerais eu avisei, coxinha nÌ£o reclama ‰ª» vocÌ» vai se fu* deixa pra lÌÁ,‰Û_ ';;
'rt @paulimbh: vai de vento em popa o reconhecimento medroso do peso do , e a busca desesperada de um macron tupini‰Û_ ';;
'rt @dilmaresiste: melÌ« do coxinha  #lulaporminasgerais eu avisei, coxinha nÌ£o reclama ‰ª» vocÌ» vai se fu* deixa pra lÌÁ,‰Û_ ';;
'rt @dilmaresiste: brasil treina para criar base militar com os eua, colÌ«mbia e peru na amazÌ«nia  #lulaporminasgerais http‰Û_';;
'rt @dilmaresiste: no aniversÌÁrio de 72 anos de lula essa garota gravou esse depoimento  #lulaporminasgerais na Ì_ntegra‰Û_ ';;
'rt @dilmaresiste: qual deles Ì© o mais evoluÌ_do eu saberia dizer qual Ì© o mais primitivo  #lulaporminasgerais https://tco/‰Û_';;
'rt @dilmaresiste: wadih damous quer convocar dallagnol e lima para cpi  #lulaporminasgerais https://tco/kjl3iy5w01';;
'em sorocaba, vereadora do @psoloficial vota a favor de moÌ¤Ì£o de repÌ¼dio ao mam  #lulaporminasgerais https://tco/vdmzivddpb';;
'rt @dilmaresiste: melÌ« do coxinha  #lulaporminasgerais eu avisei, coxinha nÌ£o reclama ‰ª» vocÌ» vai se fu* deixa pra lÌÁ,‰Û_ ';;
'rt @dilmaresiste: parte3 a tv al jazeera desvenda como a @redeglobo reforÌ¤a preconceitos e estereÌ_tipos ‰Û_ ';;
'rt @dilmaresiste: qual deles Ì© o mais evoluÌ_do eu saberia dizer qual Ì© o mais primitivo  #lulaporminasgerais https://tco/‰Û_';;
'rt @dilmaresiste: melÌ« do coxinha  #lulaporminasgerais eu avisei, coxinha nÌ£o reclama ‰ª» vocÌ» vai se fu* deixa pra lÌÁ,‰Û_ ';;
'lula participa de ato em montes claros  #lulaporminasger https://tco/dcimfqyoze via @youtube';;
'Ì© a polÌ_tica do pÌ£o-e-circo o povo precisa se manter imbecilizado para a manipulaÌ¤Ì£o de poderosos  #lulaporminasgerais https://tco/ofoo31'
'rt @dilmaresiste: Ì© a polÌ_tica do pÌ£o-e-circo o povo precisa se manter imbecilizado para a manipulaÌ¤Ì£o de poderosos ‰Û_ ';;
'rt @deputadofederal: lula Ì© culpado  https://tco/amg37lwmws';;
'rt @dilmaresiste: Ì© a polÌ_tica do pÌ£o-e-circo o povo precisa se manter imbecilizado para a manipulaÌ¤Ì£o de poderosos ‰Û_ ';;
'rt @dilmaresiste: melÌ« do coxinha  #lulaporminasgerais eu avisei, coxinha nÌ£o reclama ‰ª» vocÌ» vai se fu* deixa pra lÌÁ,‰Û_ ';;
'rt @dilmaresiste: melÌ« do coxinha  #lulaporminasgerais eu avisei, coxinha nÌ£o reclama ‰ª» vocÌ» vai se fu* deixa pra lÌÁ,‰Û_ ';;
'rt @dilmaresiste: Ì© a polÌ_tica do pÌ£o-e-circo o povo precisa se manter imbecilizado para a manipulaÌ¤Ì£o de poderosos ‰Û_ ';;
'rt @dilmaresiste: sem dilma tudo piorou  #lulaporminasgerais Ì© triste, mas estamos (cont) https://tco/vohlhx3wpk';;
'esse cara nÌ£o cansa de pagar mico o marketing dele Ì© aprontar essas pra ganhar mÌ_dia  #lulaporminasgerais https://tco/era7nedhke';;
'rt @dilmaresiste: esse cara nÌ£o cansa de pagar mico o marketing dele Ì© aprontar essas pra ganhar mÌ_dia ‰Û_ ';;
'rt @dilmaresiste: Ì© a polÌ_tica do pÌ£o-e-circo o povo precisa se manter imbecilizado para a manipulaÌ¤Ì£o de poderosos ‰Û_ ';;
'se for assim atinge seu objetivo fÌÁcil, fÌÁcil  #lulaporminasgerais @mccdobrasil @gabriel6828 @turquim5 @tuiteirosdopt https://tco/wwxsaejabu'
'rt @paulimbh: vai de vento em popa o reconhecimento medroso do peso do , e a busca desesperada de um macron tupini‰Û_ ';;
'rt @dilmaresiste: qual deles Ì© o mais evoluÌ_do eu saberia dizer qual Ì© o mais primitivo  #lulaporminasgerais https://tco/‰Û_';;
'rt @ptnacamara: campanha de arrecadaÌ¤Ì£o online da caravana  acesse: https://tco/5aslmbgm8h https://tco/jtkfcdvh5n';;
'eu contribuÌ_ e faÌ¤o parte dessa histÌ_ria -  https://tco/ohnno7plmf #caravana ';;
'rt @dilmaresiste: melÌ« do coxinha  #lulaporminasgerais eu avisei, coxinha nÌ£o reclama ‰ª» vocÌ» vai se fu* deixa pra lÌÁ,‰Û_ ';;
'rt @dilmaresiste: se for assim atinge seu objetivo fÌÁcil, fÌÁcil  #lulaporminasgerais @mccdobrasil @gabriel6828‰Û_ ';;
'rt @dilmaresiste: qual deles Ì© o mais evoluÌ_do eu saberia dizer qual Ì© o mais primitivo  #lulaporminasgerais https://tco/‰Û_';;
'rt @dilmaresiste: esse cara nÌ£o cansa de pagar mico o marketing dele Ì© aprontar essas pra ganhar mÌ_dia ‰Û_ ';;
'rt @dilmaresiste: se for assim atinge seu objetivo fÌÁcil, fÌÁcil  #lulaporminasgerais @mccdobrasil @gabriel6828‰Û_ ';;
'rt @lorengetulia: acabei de contribuir  mais alguÌ©m #lula2018   https://tco/cumc8pqtpe';;
'rt @lindberghfarias: como bem disse o lula, olha aÌ_ o pinguinho de gente registrado pelo drone  https://tco/nvdngifw2d';;
'rt @mbrandrea: participe, contribua ‰_•ü campanha financiamento coletivo da caravana de   ‰_•ü doaÌ¤Ì£o online, acesse:‰Û_ ';;
'rt @dilmaresiste: deputados da inglaterra, escÌ_cia e eua dizem que moro Ì© alinhado com psdb/pmdb  https://tco/ckdwbivcad';;
'rt @dilmaresiste: esse cara nÌ£o cansa de pagar mico o marketing dele Ì© aprontar essas pra ganhar mÌ_dia ‰Û_ ';;
'rt @dilmaresiste: esse cara nÌ£o cansa de pagar mico o marketing dele Ì© aprontar essas pra ganhar mÌ_dia ‰Û_ ';;
'rt @mbrandrea: participe, contribua ‰_•ü campanha financiamento coletivo da caravana de   ‰_•ü doaÌ¤Ì£o online, acesse:‰Û_ ';;
'rt @dilmaresiste: qual deles Ì© o mais evoluÌ_do eu saberia dizer qual Ì© o mais primitivo  #lulaporminasgerais https://tco/‰Û_';;
'rt @dilmaresiste: melÌ« do coxinha  #lulaporminasgerais eu avisei, coxinha nÌ£o reclama ‰ª» vocÌ» vai se fu* deixa pra lÌÁ,‰Û_ ';;
'rt @dilmaresiste: melÌ« do coxinha  #lulaporminasgerais eu avisei, coxinha nÌ£o reclama ‰ª» vocÌ» vai se fu* deixa pra lÌÁ,‰Û_ ';;
'rt @dilmaresiste: melÌ« do coxinha  #lulaporminasgerais eu avisei, coxinha nÌ£o reclama ‰ª» vocÌ» vai se fu* deixa pra lÌÁ,‰Û_ ';;
'rt @ptnacamara: campanha de arrecadaÌ¤Ì£o online da caravana  acesse: https://tco/5aslmbgm8h https://tco/jtkfcdvh5n';;
'rt @dilmaresiste: esse cara nÌ£o cansa de pagar mico o marketing dele Ì© aprontar essas pra ganhar mÌ_dia ‰Û_ ';;
'rt @dilmaresiste: esse cara nÌ£o cansa de pagar mico o marketing dele Ì© aprontar essas pra ganhar mÌ_dia ‰Û_ ';;
'rt @dilmaresiste: qual deles Ì© o mais evoluÌ_do eu saberia dizer qual Ì© o mais primitivo  #lulaporminasgerais https://tco/‰Û_';;
'rt @dilmaresiste: se for assim atinge seu objetivo fÌÁcil, fÌÁcil  #lulaporminasgerais @mccdobrasil @gabriel6828‰Û_ ';;
'rt @dilmaresiste: Ì© a polÌ_tica do pÌ£o-e-circo o povo precisa se manter imbecilizado para a manipulaÌ¤Ì£o de poderosos ‰Û_ ';;
'rt @dilmaresiste: deputados da inglaterra, escÌ_cia e eua dizem que moro Ì© alinhado com psdb/pmdb  https://tco/ckdwbivcad';;
'rt @dilmaresiste: Ì© a polÌ_tica do pÌ£o-e-circo o povo precisa se manter imbecilizado para a manipulaÌ¤Ì£o de poderosos ‰Û_ ';;
'rt @dilmaresiste: Ì© a polÌ_tica do pÌ£o-e-circo o povo precisa se manter imbecilizado para a manipulaÌ¤Ì£o de poderosos ‰Û_ ';;
'rt @dilmaresiste: Ì© a polÌ_tica do pÌ£o-e-circo o povo precisa se manter imbecilizado para a manipulaÌ¤Ì£o de poderosos ‰Û_ ';;
'rt @gleisi: ‰ÛÏisto Ì©‰Û fiasco para vocÌ»  #lulaporminasgerais https://tco/nywwdovksh';;
'rt @gleisi: ‰ÛÏisto Ì©‰Û fiasco para vocÌ»  #lulaporminasgerais https://tco/nywwdovksh';;
'diÌÁrio do paulinho jÌÁ saiu https://tco/tn7m4x7ytm graÌ¤as a @joaofelipe001 @_ihu #arquivobbc ';;
'rt @deputadofederal: lula Ì© culpado  https://tco/amg37lwmws';;
'rt @dilmaresiste: melÌ« do coxinha  #lulaporminasgerais eu avisei, coxinha nÌ£o reclama ‰ª» vocÌ» vai se fu* deixa pra lÌÁ,‰Û_ ';;
'rt @dilmaresiste: qual deles Ì© o mais evoluÌ_do eu saberia dizer qual Ì© o mais primitivo  #lulaporminasgerais https://tco/‰Û_';;
'rt @finesbs: rt dilmaresiste: deputados da inglaterra, escÌ_cia e eua dizem que moro Ì© alinhado com psdb/pmdb  https://tc‰Û_';;
'rt @dilmaresiste: Ì© a polÌ_tica do pÌ£o-e-circo o povo precisa se manter imbecilizado para a manipulaÌ¤Ì£o de poderosos ‰Û_ ';;
'rt @dilmaresiste: melÌ« do coxinha  #lulaporminasgerais eu avisei, coxinha nÌ£o reclama ‰ª» vocÌ» vai se fu* deixa pra lÌÁ,‰Û_ ';;
'rt @dilmaresiste: qual deles Ì© o mais evoluÌ_do eu saberia dizer qual Ì© o mais primitivo  #lulaporminasgerais https://tco/‰Û_';;
'rt @mbrandrea: participe, contribua ‰_•ü campanha financiamento coletivo da caravana de   ‰_•ü doaÌ¤Ì£o online, acesse:‰Û_ ';;
'rt @deputadofederal: lula Ì© culpado  https://tco/amg37lwmws';;
'rt @dilmaresiste: Ì© a polÌ_tica do pÌ£o-e-circo o povo precisa se manter imbecilizado para a manipulaÌ¤Ì£o de poderosos ‰Û_ ';;
'rt @dilmaresiste: Ì© a polÌ_tica do pÌ£o-e-circo o povo precisa se manter imbecilizado para a manipulaÌ¤Ì£o de poderosos ‰Û_ ';;
'rt @dilmaresiste: deputados da inglaterra, escÌ_cia e eua dizem que moro Ì© alinhado com psdb/pmdb  https://tco/ckdwbivcad';;
'rt @dilmaresiste: melÌ« do coxinha  #lulaporminasgerais eu avisei, coxinha nÌ£o reclama ‰ª» vocÌ» vai se fu* deixa pra lÌÁ,‰Û_ ';;
'rt @dilmaresiste: melÌ« do coxinha  #lulaporminasgerais eu avisei, coxinha nÌ£o reclama ‰ª» vocÌ» vai se fu* deixa pra lÌÁ,‰Û_ ';;
'rt @dilmaresiste: Ì© a polÌ_tica do pÌ£o-e-circo o povo precisa se manter imbecilizado para a manipulaÌ¤Ì£o de poderosos ‰Û_ ';;
'rt @dilmaresiste: qual deles Ì© o mais evoluÌ_do eu saberia dizer qual Ì© o mais primitivo  #lulaporminasgerais https://tco/‰Û_';;
'rt @dilmaresiste: qual deles Ì© o mais evoluÌ_do eu saberia dizer qual Ì© o mais primitivo  #lulaporminasgerais https://tco/‰Û_';;
'rt @dilmaresiste: qual deles Ì© o mais evoluÌ_do eu saberia dizer qual Ì© o mais primitivo  #lulaporminasgerais https://tco/‰Û_';;
'rt @dilmaresiste: qual deles Ì© o mais evoluÌ_do eu saberia dizer qual Ì© o mais primitivo  #lulaporminasgerais https://tco/‰Û_';;
'rt @dilmaresiste: veja o que bolsonaro responde ao ser preguntado sobre economia como pode querer ser presidente ‰Û_ ';;
'rt @dilmaresiste: qual deles Ì© o mais evoluÌ_do eu saberia dizer qual Ì© o mais primitivo  #lulaporminasgerais https://tco/‰Û_';;
'rt @ptbrasil: ainda Ì© possÌ_vel ajudar na campanha de financiamento coletivo da caravana  https://tco/hxys5hqukv https://tc‰Û_';;
'rt @dilmaresiste: melÌ« do coxinha  #lulaporminasgerais eu avisei, coxinha nÌ£o reclama ‰ª» vocÌ» vai se fu* deixa pra lÌÁ,‰Û_ ';;
'rt @dilmaresiste: qual deles Ì© o mais evoluÌ_do eu saberia dizer qual Ì© o mais primitivo  #lulaporminasgerais https://tco/‰Û_';;
'rt @lindberghfarias:  https://tco/7hzt0bsa9z';;
'rt @dilmaresiste: qual deles Ì© o mais evoluÌ_do eu saberia dizer qual Ì© o mais primitivo  #lulaporminasgerais https://tco/‰Û_';;
'rt @dilmaresiste: melÌ« do coxinha  #lulaporminasgerais eu avisei, coxinha nÌ£o reclama ‰ª» vocÌ» vai se fu* deixa pra lÌÁ,‰Û_ ';;
'rt @dilmaresiste: melÌ« do coxinha  #lulaporminasgerais eu avisei, coxinha nÌ£o reclama ‰ª» vocÌ» vai se fu* deixa pra lÌÁ,‰Û_ ';;
'rt @dilmaresiste: melÌ« do coxinha  #lulaporminasgerais eu avisei, coxinha nÌ£o reclama ‰ª» vocÌ» vai se fu* deixa pra lÌÁ,‰Û_ ';;
'rt @dilmaresiste: melÌ« do coxinha  #lulaporminasgerais eu avisei, coxinha nÌ£o reclama ‰ª» vocÌ» vai se fu* deixa pra lÌÁ,‰Û_ ';;
'rt @dilmaresiste: qual deles Ì© o mais evoluÌ_do eu saberia dizer qual Ì© o mais primitivo  #lulaporminasgerais https://tco/‰Û_';;
'rt @dilmaresiste: qual deles Ì© o mais evoluÌ_do eu saberia dizer qual Ì© o mais primitivo  #lulaporminasgerais https://tco/‰Û_';;
'rt @dilmaresiste: melÌ« do coxinha  #lulaporminasgerais eu avisei, coxinha nÌ£o reclama ‰ª» vocÌ» vai se fu* deixa pra lÌÁ,‰Û_ ';;
'rt @dilmaresiste: qual deles Ì© o mais evoluÌ_do eu saberia dizer qual Ì© o mais primitivo  #lulaporminasgerais https://tco/‰Û_';;
'rt @dilmaresiste: deputados da inglaterra, escÌ_cia e eua dizem que moro Ì© alinhado com psdb/pmdb  https://tco/ckdwbivcad';;
'rt @dilmaresiste: qual deles Ì© o mais evoluÌ_do eu saberia dizer qual Ì© o mais primitivo  #lulaporminasgerais https://tco/‰Û_';;
'rt @dilmaresiste: qual deles Ì© o mais evoluÌ_do eu saberia dizer qual Ì© o mais primitivo  #lulaporminasgerais https://tco/‰Û_';;
'rt @dilmaresiste: melÌ« do coxinha  #lulaporminasgerais eu avisei, coxinha nÌ£o reclama ‰ª» vocÌ» vai se fu* deixa pra lÌÁ,‰Û_ ';;
'rt @dilmaresiste: qual deles Ì© o mais evoluÌ_do eu saberia dizer qual Ì© o mais primitivo  #lulaporminasgerais https://tco/‰Û_';;
'rt @dilmaresiste: em entrevista, lula defende democratizaÌ¤Ì£o da comunicaÌ¤Ì£o  #lulaporminasgerais ex-presidente https://t‰Û_';;
'rt @dilmaresiste: qual deles Ì© o mais evoluÌ_do eu saberia dizer qual Ì© o mais primitivo  #lulaporminasgerais https://tco/‰Û_';;
'rt @dilmaresiste: melÌ« do coxinha  #lulaporminasgerais eu avisei, coxinha nÌ£o reclama ‰ª» vocÌ» vai se fu* deixa pra lÌÁ,‰Û_ ';;
'rt @dilmaresiste: em entrevista, lula defende democratizaÌ¤Ì£o da comunicaÌ¤Ì£o  #lulaporminasgerais ex-presidente https://t‰Û_';;
'rt @dilmaresiste: parte1 a tv al jazeera desvenda como a @redeglobo reforÌ¤a preconceitos e estereÌ_tipos ‰Û_ ';;
'rt @dilmaresiste: qual deles Ì© o mais evoluÌ_do eu saberia dizer qual Ì© o mais primitivo  #lulaporminasgerais https://tco/‰Û_';;
'rt @dilmaresiste: em entrevista, lula defende democratizaÌ¤Ì£o da comunicaÌ¤Ì£o  #lulaporminasgerais ex-presidente https://t‰Û_';;
'rt @dilmaresiste: qual deles Ì© o mais evoluÌ_do eu saberia dizer qual Ì© o mais primitivo  #lulaporminasgerais https://tco/‰Û_';;
'rt @erikaosanoja:  cierra campaÌ±a electoral a esta hora #30oct https://tco/e9laxgdo0w';;
'rt @dilmaresiste: melÌ« do coxinha  #lulaporminasgerais eu avisei, coxinha nÌ£o reclama ‰ª» vocÌ» vai se fu* deixa pra lÌÁ,‰Û_ ';;
'rt @dilmaresiste: deputados da inglaterra, escÌ_cia e eua dizem que moro Ì© alinhado com psdb/pmdb  https://tco/ckdwbivcad';;
'rt @dilmaresiste: ministro reduz salÌÁrio mÌ_nimo para 2018 e diz: o povo precisa ajudar  #lulaporminasgerais #dr https:‰Û_';;
'rt @dilmaresiste: em entrevista, lula defende democratizaÌ¤Ì£o da comunicaÌ¤Ì£o  #lulaporminasgerais ex-presidente https://t‰Û_';;
'rt @dilmaresiste: o ÌÁudio da entrevista de tacla duran com wadih e paulo pimenta  #lulaporminasgerais #dr dilma https://t‰Û_';;
'rt @dilmaresiste: qual deles Ì© o mais evoluÌ_do eu saberia dizer qual Ì© o mais primitivo  #lulaporminasgerais https://tco/‰Û_';;
' https://tco/r1gr96rlyc';;
'rt @dilmaresiste: Ì© a polÌ_tica do pÌ£o-e-circo o povo precisa se manter imbecilizado para a manipulaÌ¤Ì£o de poderosos ‰Û_ ';;
'rt @dilmaresiste: qual deles Ì© o mais evoluÌ_do eu saberia dizer qual Ì© o mais primitivo  #lulaporminasgerais https://tco/‰Û_';;
'rt @dilmaresiste: qual deles Ì© o mais evoluÌ_do eu saberia dizer qual Ì© o mais primitivo  #lulaporminasgerais https://tco/‰Û_';;
'rt @dilmaresiste: deputados da inglaterra, escÌ_cia e eua dizem que moro Ì© alinhado com psdb/pmdb  https://tco/ckdwbivcad';;
'rt @souguereira: eu contribuÌ_ e faÌ¤o parte dessa histÌ_ria -  https://tco/sv9vhnl2ri #caravana ';;
'morrer no brasil pela cor da pele https://tco/jyeprehkte   #resistenciazedirceu';;
'rt @dilmaresiste: qual deles Ì© o mais evoluÌ_do eu saberia dizer qual Ì© o mais primitivo  #lulaporminasgerais https://tco/‰Û_';;
'rt @leila_argollo: morrer no brasil pela cor da pele https://tco/jyeprehkte   #resistenciazedirceu';;
'rt @dilmaresiste: melÌ« do coxinha  #lulaporminasgerais eu avisei, coxinha nÌ£o reclama ‰ª» vocÌ» vai se fu* deixa pra lÌÁ,‰Û_ ';;
'e preparando o caminho para virarmos esta triste pÌÁgina da polÌ_tica brasileira #brasilemfrente ';;
'rt @dilmaresiste: deputados da inglaterra, escÌ_cia e eua dizem que moro Ì© alinhado com psdb/pmdb  https://tco/ckdwbivcad';;
'rt @dilmaresiste: qual deles Ì© o mais evoluÌ_do eu saberia dizer qual Ì© o mais primitivo  #lulaporminasgerais https://tco/‰Û_';;
'rt @dilmaresiste: melÌ« do coxinha  #lulaporminasgerais eu avisei, coxinha nÌ£o reclama ‰ª» vocÌ» vai se fu* deixa pra lÌÁ,‰Û_ ';;
'rt @dilmaresiste: em entrevista, lula defende democratizaÌ¤Ì£o da comunicaÌ¤Ì£o  #lulaporminasgerais ex-presidente https://t‰Û_';;
'rt dilmaresiste: qual deles Ì© o mais evoluÌ_do eu saberia dizer qual Ì© o mais primitivo  #lulaporm‰Û_ https://tco/iqbkwkfpi1';;
'rt dilmaresiste: melÌ« do coxinha  #lulaporminasgerais eu avisei, coxinha nÌ£o reclama ‰ª» vocÌ» vai se‰Û_ https://tco/pb3mjtucn4';;
'rt @dilmaresiste: melÌ« do coxinha  #lulaporminasgerais eu avisei, coxinha nÌ£o reclama ‰ª» vocÌ» vai se fu* deixa pra lÌÁ,‰Û_ ';;
'rt @dilmaresiste: Ì© a polÌ_tica do pÌ£o-e-circo o povo precisa se manter imbecilizado para a manipulaÌ¤Ì£o de poderosos ‰Û_ ';;
'rt @souguereira: eu contribuÌ_ e faÌ¤o parte dessa histÌ_ria -  https://tco/sv9vhnl2ri #caravana ';;
'rt @souguereira: eu contribuÌ_ e faÌ¤o parte dessa histÌ_ria -  https://tco/sv9vhnl2ri #caravana ';;
'rt @dilmaresiste: melÌ« do coxinha  #lulaporminasgerais eu avisei, coxinha nÌ£o reclama ‰ª» vocÌ» vai se fu* deixa pra lÌÁ,‰Û_ ';;
'rt @annalugama: campanha de financiamento coletivo para a caravana  seja companheiro faÌ¤a sua doaÌ¤Ì£o online, acesse‰Û_ ';;
'rt @dilmaresiste: melÌ« do coxinha  #lulaporminasgerais eu avisei, coxinha nÌ£o reclama ‰ª» vocÌ» vai se fu* deixa pra lÌÁ,‰Û_ ';;
'rt @dilmaresiste: melÌ« do coxinha  #lulaporminasgerais eu avisei, coxinha nÌ£o reclama ‰ª» vocÌ» vai se fu* deixa pra lÌÁ,‰Û_ ';;
'rt @dilmaresiste: melÌ« do coxinha  #lulaporminasgerais eu avisei, coxinha nÌ£o reclama ‰ª» vocÌ» vai se fu* deixa pra lÌÁ,‰Û_ ';;
'rt @dilmaresiste: melÌ« do coxinha  #lulaporminasgerais eu avisei, coxinha nÌ£o reclama ‰ª» vocÌ» vai se fu* deixa pra lÌÁ,‰Û_ ';;
'rt @dilmaresiste: Ì© a polÌ_tica do pÌ£o-e-circo o povo precisa se manter imbecilizado para a manipulaÌ¤Ì£o de poderosos ‰Û_ ';;
'rt @dilmaresiste: qual deles Ì© o mais evoluÌ_do eu saberia dizer qual Ì© o mais primitivo  #lulaporminasgerais https://tco/‰Û_';;
'rt @enfanaleao: retweeted lelÌ»  (@lelecoutz):  @sandraselmader @jotakar @zehche @patativaparana @graavieira https://tco/‰Û_';;
'rt @deputadofederal: lula Ì© culpado  https://tco/amg37lwmws';;
'@descartes_news @filosofo_de_wc @platao54 @maria13petralha @rcrevelone @joaopatriotico @barella_sfc @markosbrito1 @arisirius @bobiackk @glauci'
'rt @dilmaresiste: melÌ« do coxinha  #lulaporminasgerais eu avisei, coxinha nÌ£o reclama ‰ª» vocÌ» vai se fu* deixa pra lÌÁ,‰Û_ ';;
'rt @dilmaresiste: Ì© a polÌ_tica do pÌ£o-e-circo o povo precisa se manter imbecilizado para a manipulaÌ¤Ì£o de poderosos ‰Û_ ';;
'rt @dilmaresiste: deputados da inglaterra, escÌ_cia e eua dizem que moro Ì© alinhado com psdb/pmdb  https://tco/ckdwbivcad';;
'rt @dilmaresiste: Ì© a polÌ_tica do pÌ£o-e-circo o povo precisa se manter imbecilizado para a manipulaÌ¤Ì£o de poderosos ‰Û_ ';;
'rt @dilmaresiste: veja o que bolsonaro responde ao ser preguntado sobre economia como pode querer ser presidente ‰Û_ ';;
'rt @dilmaresiste: melÌ« do coxinha  #lulaporminasgerais eu avisei, coxinha nÌ£o reclama ‰ª» vocÌ» vai se fu* deixa pra lÌÁ,‰Û_ ';;
'rt @dilmaresiste: ministro reduz salÌÁrio mÌ_nimo para 2018 e diz: o povo precisa ajudar  #lulaporminasgerais #dr https:‰Û_';;
'rt @lorengetulia: acabei de contribuir  mais alguÌ©m #lula2018   https://tco/cumc8pqtpe';;
'rt @mbrandrea: participe, contribua ‰_•ü campanha financiamento coletivo da caravana de   ‰_•ü doaÌ¤Ì£o online, acesse:‰Û_ ';;
'rt @dilmaresiste: melÌ« do coxinha  #lulaporminasgerais eu avisei, coxinha nÌ£o reclama ‰ª» vocÌ» vai se fu* deixa pra lÌÁ,‰Û_ ';;
'rt @dilmaresiste: melÌ« do coxinha  #lulaporminasgerais eu avisei, coxinha nÌ£o reclama ‰ª» vocÌ» vai se fu* deixa pra lÌÁ,‰Û_ ';;
'rt @dilmaresiste: melÌ« do coxinha  #lulaporminasgerais eu avisei, coxinha nÌ£o reclama ‰ª» vocÌ» vai se fu* deixa pra lÌÁ,‰Û_ ';;
'rt @ptbrasil: colabore com a campanha de financiamento e ajude as caravanas de  https://tco/hxys5hqukv https://tco/3qfhsiz‰Û_';;
'rt @dilmaresiste: melÌ« do coxinha  #lulaporminasgerais eu avisei, coxinha nÌ£o reclama ‰ª» vocÌ» vai se fu* deixa pra lÌÁ,‰Û_ ';;
'#contribuaparaumbrasildepaz e colabore com o financiamento da caravana de  https://tco/hxys5hqukv https://tco/7aqmgnkwos';;
'rt @ptbrasil: #contribuaparaumbrasildepaz e colabore com o financiamento da caravana de  https://tco/hxys5hqukv https://tc‰Û_';;
'#contribuaparaumbrasildepaz e colabore com o financiamento da caravana de  https://tco/3oksu5xsq0 https://tco/toflwt041m';;
'rt @ptbrasil: #contribuaparaumbrasildepaz e colabore com o financiamento da caravana de  https://tco/hxys5hqukv https://tc‰Û_';;
'ptbrasii: #contribuaparaumbrasildepaz e colabore com o financiamento da caravana de  ‰Û_ https://tco/m4mjmuhru6';;
'#lula2018  faÌ¤a a sua contribuiÌ¤Ì£o essa Ì© a hora de ajudar quem tanto nos ajudou   https://tco/kdap8xxlyy';;
'rt @ptbrasil: #contribuaparaumbrasildepaz e colabore com o financiamento da caravana de  https://tco/hxys5hqukv https://tc‰Û_';;
'rt @dilmaresiste: qual deles Ì© o mais evoluÌ_do eu saberia dizer qual Ì© o mais primitivo  #lulaporminasgerais https://tco/‰Û_';;
'rt @dilmaresiste: qual deles Ì© o mais evoluÌ_do eu saberia dizer qual Ì© o mais primitivo  #lulaporminasgerais https://tco/‰Û_';;
'rt @dilmaresiste: qual deles Ì© o mais evoluÌ_do eu saberia dizer qual Ì© o mais primitivo  #lulaporminasgerais https://tco/‰Û_';;
'@ptbrasil lanÌ¤a campanha para apoiar caravanas colabore: https://tco/il8a73rjsh  https://tco/ndrgkf9vdz';;
'rt @leila_argollo: morrer no brasil pela cor da pele https://tco/jyeprehkte   #resistenciazedirceu';;
'rt leila_argollo: morrer no brasil pela cor da pele https://tco/cbrdoy9u85   #resistenciazedirceu';;
'rt @dilmaresiste: melÌ« do coxinha  #lulaporminasgerais eu avisei, coxinha nÌ£o reclama ‰ª» vocÌ» vai se fu* deixa pra lÌÁ,‰Û_ ';;
'rt @lindberghfarias:  https://tco/7hzt0bsa9z';;
'rt @dilmaresiste: melÌ« do coxinha  #lulaporminasgerais eu avisei, coxinha nÌ£o reclama ‰ª» vocÌ» vai se fu* deixa pra lÌÁ,‰Û_ ';;
'rt @lindberghfarias:  https://tco/7hzt0bsa9z';;
'rt @dilmaresiste: melÌ« do coxinha  #lulaporminasgerais eu avisei, coxinha nÌ£o reclama ‰ª» vocÌ» vai se fu* deixa pra lÌÁ,‰Û_ ';;
'rt @leila_argollo: morrer no brasil pela cor da pele https://tco/jyeprehkte   #resistenciazedirceu';;
'rt @dilmaresiste: qual deles Ì© o mais evoluÌ_do eu saberia dizer qual Ì© o mais primitivo  #lulaporminasgerais https://tco/‰Û_';;
'tonico pereira sobre o arrependimento via @fatosnacionais  #lulaporminasgerais o ator tonico https://tco/vgpd9fudao';;
'rt @dilmaresiste: melÌ« do coxinha  #lulaporminasgerais eu avisei, coxinha nÌ£o reclama ‰ª» vocÌ» vai se fu* deixa pra lÌÁ,‰Û_ ';;
'rt @dilmaresiste: tonico pereira sobre o arrependimento via @fatosnacionais  #lulaporminasgerais o ator tonico https://t‰Û_';;
'rt @dilmaresiste: Ì© a polÌ_tica do pÌ£o-e-circo o povo precisa se manter imbecilizado para a manipulaÌ¤Ì£o de poderosos ‰Û_ ';;
'rt @leila_argollo: morrer no brasil pela cor da pele https://tco/jyeprehkte   #resistenciazedirceu';;
'rt @dilmaresiste: qual deles Ì© o mais evoluÌ_do eu saberia dizer qual Ì© o mais primitivo  #lulaporminasgerais https://tco/‰Û_';;
'rt @dilmaresiste: qual deles Ì© o mais evoluÌ_do eu saberia dizer qual Ì© o mais primitivo  #lulaporminasgerais https://tco/‰Û_';;
'@veja veja tem orgasmos com o lula sÌ£o 240 capas denegrindo ele desde 1980 chupÌÁ direitosos - ';;
'rt @dilmaresiste: melÌ« do coxinha  #lulaporminasgerais eu avisei, coxinha nÌ£o reclama ‰ª» vocÌ» vai se fu* deixa pra lÌÁ,‰Û_ ';;
'rt @dilmaresiste: qual deles Ì© o mais evoluÌ_do eu saberia dizer qual Ì© o mais primitivo  #lulaporminasgerais https://tco/‰Û_';;
'rt @dilmaresiste: qual deles Ì© o mais evoluÌ_do eu saberia dizer qual Ì© o mais primitivo  #lulaporminasgerais https://tco/‰Û_';;
'rt @ptbrasii: #contribuaparaumbrasildepaz e colabore com o financiamento da caravana de  https://tco/3oksu5xsq0 https://tc‰Û_';;
'rt @leila_argollo: morrer no brasil pela cor da pele https://tco/jyeprehkte   #resistenciazedirceu';;
'rt @dilmaresiste: qual deles Ì© o mais evoluÌ_do eu saberia dizer qual Ì© o mais primitivo  #lulaporminasgerais https://tco/‰Û_';;
'rt @ptnacamara: campanha de arrecadaÌ¤Ì£o online da caravana  acesse: https://tco/5aslmbgm8h https://tco/jtkfcdvh5n';;
'rt @ptbrasil: #contribuaparaumbrasildepaz e colabore com o financiamento da caravana de  https://tco/hxys5hqukv https://tc‰Û_';;
'rt @dilmaresiste: Ì© a polÌ_tica do pÌ£o-e-circo o povo precisa se manter imbecilizado para a manipulaÌ¤Ì£o de poderosos ‰Û_ ';;
'em quem vocÌ» votaria para presidente da repÌ¼blica se as eleiÌ¤Ìµes fossem hoje  #bolsonaro2018';;
'rt @lulapelobrasil: caminhando e cantando em minas gerais  #lulaporminasgerais   vÌ_deo: ricardo stuckert https://tco/ew1pz‰Û_';;
'rt @ptnosenado: @ptbrasil lanÌ¤a campanha para apoiar caravanas colabore: https://tco/il8a73rjsh  https://tco/ndrgkf9vdz';;
'rt @ptbrasii: #contribuaparaumbrasildepaz e colabore com o financiamento da caravana de  https://tco/3oksu5xsq0 https://tc‰Û_';;
'rt @dilmaresiste: deputados da inglaterra, escÌ_cia e eua dizem que moro Ì© alinhado com psdb/pmdb  https://tco/ckdwbivcad';;
'rt @dilmaresiste: qual deles Ì© o mais evoluÌ_do eu saberia dizer qual Ì© o mais primitivo  #lulaporminasgerais https://tco/‰Û_';;
'em quem vocÌ» votaria  #bolsonaro2018 #alckmin #doria #cirogomes  _ÙÔà_ÙÔà_ÙÔà_ÙÔà_ÙÔà vote e retuite na enquete https://tco/kybm4r0ptt';;
'rt @enquetenacional: em quem vocÌ» votaria para presidente da repÌ¼blica se as eleiÌ¤Ìµes fossem hoje  #bolsonaro2018';;
'rt @dilmaresiste: Ì© a polÌ_tica do pÌ£o-e-circo o povo precisa se manter imbecilizado para a manipulaÌ¤Ì£o de poderosos ‰Û_ ';;
'rt @ptmilitancia: compas, ajude financiar a caravana  siga ‰_•ü@ptbrasil ‰_•ü  clique e contribua: https://tco/gunwvyy3oy  http‰Û_';;
'rt @gleisi: ‰ÛÏisto Ì©‰Û fiasco para vocÌ»  #lulaporminasgerais https://tco/nywwdovksh';;
'rt @dilmaresiste: melÌ« do coxinha  #lulaporminasgerais eu avisei, coxinha nÌ£o reclama ‰ª» vocÌ» vai se fu* deixa pra lÌÁ,‰Û_ ';;
'rt @dilmaresiste: melÌ« do coxinha  #lulaporminasgerais eu avisei, coxinha nÌ£o reclama ‰ª» vocÌ» vai se fu* deixa pra lÌÁ,‰Û_ ';;
'rt @enquetenacional: em quem vocÌ» votaria para presidente da repÌ¼blica se as eleiÌ¤Ìµes fossem hoje  #bolsonaro2018';;
' compas, o partido dos trabalhadores lanÌ¤ou uma campanha para apoiar as caravanas para levar nosso https://tco/z65ymn5bod';;
'rt @enquetenacional: em quem vocÌ» votaria para presidente da repÌ¼blica se as eleiÌ¤Ìµes fossem hoje  #bolsonaro2018';;
'rt @dilmaresiste: melÌ« do coxinha  #lulaporminasgerais eu avisei, coxinha nÌ£o reclama ‰ª» vocÌ» vai se fu* deixa pra lÌÁ,‰Û_ ';;
'rt @ptbrasil: #contribuaparaumbrasildepaz e colabore com o financiamento da caravana de  https://tco/hxys5hqukv https://tc‰Û_';;
'rt @dilmaresiste: parte1 a tv al jazeera desvenda como a @redeglobo reforÌ¤a preconceitos e estereÌ_tipos ‰Û_ ';;
'rt @dilmaresiste: qual deles Ì© o mais evoluÌ_do eu saberia dizer qual Ì© o mais primitivo  #lulaporminasgerais https://tco/‰Û_';;
'rt @enquetenacional: em quem vocÌ» votaria para presidente da repÌ¼blica se as eleiÌ¤Ìµes fossem hoje  #bolsonaro2018';;
'rt @leila_argollo: morrer no brasil pela cor da pele https://tco/jyeprehkte   #resistenciazedirceu';;
'rt @dilmaresiste: qual deles Ì© o mais evoluÌ_do eu saberia dizer qual Ì© o mais primitivo  #lulaporminasgerais https://tco/‰Û_';;
'rt @dilmaresiste: deputados da inglaterra, escÌ_cia e eua dizem que moro Ì© alinhado com psdb/pmdb  https://tco/ckdwbivcad';;
'rt @paulimbh: vai de vento em popa o reconhecimento medroso do peso do , e a busca desesperada de um macron tupini‰Û_ ';;
'rt @ptnosenado: @ptbrasil lanÌ¤a campanha para apoiar caravanas colabore: https://tco/il8a73rjsh  https://tco/ndrgkf9vdz';;
'um mundo sem globo Ì© necessÌÁrio,  dilma ÌÊ tv 247  lei da mÌ_dia democrÌÁtica https://tco/vrbzrbmqf3 https://tco/xgi3lw94mt';;
'@dilmaresiste @mavsampaio @opiniaoaberta @adrianasscamar1 @belle_ckbbio @castrofor @bobjackk @rommulus_ @sandman998 @fcomontec um mundo sem gl'
'@annalugama um mundo sem globo Ì© necessÌÁrio,  dilma ÌÊ tv 247  lei da mÌ_dia democrÌÁtica https://tco/vrbzrbmqf3 https://tco/gp1rmizugg';;
'@lindberghfarias um mundo sem globo Ì© necessÌÁrio,  dilma ÌÊ tv 247  lei da mÌ_dia democrÌÁtica https://tco/vrbzrbmqf3 https://tco/fxwwcelrhr'
'rt @annalugama: campanha de financiamento coletivo para a caravana  seja companheiro faÌ¤a sua doaÌ¤Ì£o online, acesse‰Û_ ';;
'@telesurtv um mundo sem globo Ì© necessÌÁrio,  dilma ÌÊ tv 247  lei da mÌ_dia democrÌÁtica https://tco/vrbzrbmqf3 https://tco/qg2xycdvgn';;
'rt @dilmaresiste: melÌ« do coxinha  #lulaporminasgerais eu avisei, coxinha nÌ£o reclama ‰ª» vocÌ» vai se fu* deixa pra lÌÁ,‰Û_ ';;
'@anacronices um mundo sem globo Ì© necessÌÁrio,  dilma ÌÊ tv 247  lei da mÌ_dia democrÌÁtica https://tco/vrbzrbmqf3 https://tco/lgboj2nerq';;
'rt @lulapelobrasil: a caravana #lulaporminasgerais  estÌÁ na praÌ¤a da estaÌ¤Ì£o, em belo horizonte: https://tco/eqb0f0cdh9 htt‰Û_';;
'@lulapelobrasil   https://tco/vrhuqeyj4g';;
'rt @ptbrasil: #contribuaparaumbrasildepaz e colabore com o financiamento da caravana de  https://tco/hxys5hqukv https://tc‰Û_';;
'um mundo sem globo Ì© necessÌÁrio,  dilma ÌÊ tv 247  lei da mÌ_dia democrÌÁtica https://tco/vrbzrbmqf3 https://tco/wxdbajd8hh';;
'@alefrotabrasil o bolsonaro disse que levaria o mar para minas gerais, e imagina quem levou  https://tco/bepqqhuqvt';;
'rt @ptnacamara: campanha de arrecadaÌ¤Ì£o online da caravana  acesse: https://tco/5aslmbgm8h https://tco/jtkfcdvh5n';;
'rt @dilmaresiste: melÌ« do coxinha  #lulaporminasgerais eu avisei, coxinha nÌ£o reclama ‰ª» vocÌ» vai se fu* deixa pra lÌÁ,‰Û_ ';;
'rt @dilmaresiste: tonico pereira sobre o arrependimento via @fatosnacionais  #lulaporminasgerais o ator tonico https://t‰Û_';;
'@sandraselmader um mundo sem globo Ì© necessÌÁrio,  dilma ÌÊ tv 247  lei da mÌ_dia democrÌÁtica https://tco/vrbzrbmqf3 https://tco/xlhfwkxjgi''
'@silvio_nobre_ @portalvermelho um mundo sem globo Ì© necessÌÁrio,  dilma ÌÊ tv 247  lei da mÌ_dia democrÌÁtica https://tco/vrbzrbmqf3 https://'
'rt @dilmaresiste: melÌ« do coxinha  #lulaporminasgerais eu avisei, coxinha nÌ£o reclama ‰ª» vocÌ» vai se fu* deixa pra lÌÁ,‰Û_ ';;
'@gojammaj @brasil247 um mundo sem globo Ì© necessÌÁrio,  dilma ÌÊ tv 247  lei da mÌ_dia democrÌÁtica https://tco/vrbzrbmqf3 https://tco/vgekcr'
'@eduardonino um mundo sem globo Ì© necessÌÁrio,  dilma ÌÊ tv 247  lei da mÌ_dia democrÌÁtica https://tco/vrbzrbmqf3 https://tco/gyz0qtxe4u';;
'rt @dilmaresiste: deputados da inglaterra, escÌ_cia e eua dizem que moro Ì© alinhado com psdb/pmdb  https://tco/ckdwbivcad';;
'@pilima11 um mundo sem globo Ì© necessÌÁrio,  dilma ÌÊ tv 247  lei da mÌ_dia democrÌÁtica https://tco/vrbzrbmqf3 https://tco/t9jluyavyf';;
'@gojammaj @brasil247 um mundo sem globo Ì© necessÌÁrio,  dilma ÌÊ tv 247  lei da mÌ_dia democrÌÁtica https://tco/vrbzrbmqf3 https://tco/y0yhtp'
'@estadao sai pra lÌÁ 2018 Ì© #bolsocristo e  vice';;
'rt @dilmaresiste: Ì© a polÌ_tica do pÌ£o-e-circo o povo precisa se manter imbecilizado para a manipulaÌ¤Ì£o de poderosos ‰Û_ ';;
'@zehche @karlusmarkis @derrotarogolpe @chezeguevara @macsanto777 @elane_fsg @lecommunard @sandraselmader @adrianasscamar1 @lelecoutz @mavsampa'
'@rommulus_ @wcalasanssuecia @tssiac @visaoilimitada @adrianoargolo @zehdeabreu @chezeguevara @mbrandrea @stanleyburburin um mundo sem globo Ì©'
'@mivagodet @pilima11 um mundo sem globo Ì© necessÌÁrio,  dilma ÌÊ tv 247  lei da mÌ_dia democrÌÁtica https://tco/vrbzrbmqf3 https://tco/ulwgoa'
'rt @ptbrasil: #contribuaparaumbrasildepaz e colabore com o financiamento da caravana de  https://tco/hxys5hqukv https://tc‰Û_';;
'rt @dilmaresiste: melÌ« do coxinha  #lulaporminasgerais eu avisei, coxinha nÌ£o reclama ‰ª» vocÌ» vai se fu* deixa pra lÌÁ,‰Û_ ';;
'#sextadetremurasdv #foratemer #diretasjÌÁ  #globogolpista #antifa #palmeirasantifa #avantipalestra #familiapalmeiras https://tco/ingdjwzbp8';;
'rt @dilmaresiste: Ì© a polÌ_tica do pÌ£o-e-circo o povo precisa se manter imbecilizado para a manipulaÌ¤Ì£o de poderosos ‰Û_ ';;
'@donsergiones um mundo sem globo Ì© necessÌÁrio,  dilma ÌÊ tv 247  lei da mÌ_dia democrÌÁtica https://tco/vrbzrbmqf3 https://tco/wtbgnm48kv';;
'#derbycentenario #sextadetremurasdv #foratemer #diretasjÌÁ  #globogolpista #antifa #palmeirasantifa #avantipalestra https://tco/kq6zbwrywu';;
'rt @dilmaresiste: melÌ« do coxinha  #lulaporminasgerais eu avisei, coxinha nÌ£o reclama ‰ª» vocÌ» vai se fu* deixa pra lÌÁ,‰Û_ ';;
'rt @dilmaresiste: melÌ« do coxinha  #lulaporminasgerais eu avisei, coxinha nÌ£o reclama ‰ª» vocÌ» vai se fu* deixa pra lÌÁ,‰Û_ ';;
'@marcelo_auler @smgtrunfim um mundo sem globo Ì© necessÌÁrio,  dilma ÌÊ tv 247  lei da mÌ_dia democrÌÁtica https://tco/vrbzrbmqf3 https://tco/'
'#derbycentenario #sextadetremurasdv #foratemer #diretasjÌÁ  #globogolpista #antifa #palmeirasantifa #avantipalestra https://tco/stsaawiwjn';;
'@elnacionalweb @eme_demujer um mundo sem globo Ì© necessÌÁrio,  dilma ÌÊ tv 247  lei da mÌ_dia democrÌÁtica https://tco/vrbzrbmqf3 https://tco'
'#derbycentenario #sextadetremurasdv #foratemer #diretasjÌÁ  #globogolpista #antifa #palmeirasantifa #avantipalestra https://tco/h7nucbghy0';;
'@rommulus_ @niviaregina @cartacapital @wcalasanssuecia @requiaopmdb @gleisi um mundo sem globo Ì© necessÌÁrio,  dilma ÌÊ tv 247  lei da mÌ_dia'
'#derbycentenario #sextadetremurasdv #foratemer #diretasjÌÁ  #globogolpista #antifa #palmeirasantifa #avantipalestra https://tco/flsckkqcoh';;
'#derbycentenario #sextadetremurasdv #foratemer #diretasjÌÁ  #globogolpista #antifa #palmeirasantifa #avantipalestra https://tco/6m0ogmdmkl';;
'@brasil247 @docarmoferraz um mundo sem globo Ì© necessÌÁrio,  dilma ÌÊ tv 247  lei da mÌ_dia democrÌÁtica https://tco/vrbzrbmqf3 https://tco/u'
'@conversaafiada @letrasmari um mundo sem globo Ì© necessÌÁrio,  dilma ÌÊ tv 247  lei da mÌ_dia democrÌÁtica https://tco/vrbzrbmqf3 https://tco'
'@supervisora @atiagomiranda um mundo sem globo Ì© necessÌÁrio,  dilma ÌÊ tv 247  lei da mÌ_dia democrÌÁtica https://tco/vrbzrbmqf3 https://tco'
'rt @dilmaresiste:  #lulaporminasgerais lula defende #referendorevogatorio para fazer o brasil retomar o caminho do https:‰Û_';;
'rt @ptbrasil: #contribuaparaumbrasildepaz e colabore com o financiamento da caravana de  https://tco/hxys5hqukv https://tc‰Û_';;
'rt @dilmaresiste: Ì© a polÌ_tica do pÌ£o-e-circo o povo precisa se manter imbecilizado para a manipulaÌ¤Ì£o de poderosos ‰Û_ ';;
'‰ÛÏwhen you are out of candidates‰Û https://tco/i5sonfsu7x   #bolsomito #bolsonaropresidente #huckpresidente #eleicoes2018';;
'rt @dilmaresiste: parte3 a tv al jazeera desvenda como a @redeglobo reforÌ¤a preconceitos e estereÌ_tipos ‰Û_ ';;
'rt @dilmaresiste: qual deles Ì© o mais evoluÌ_do eu saberia dizer qual Ì© o mais primitivo  #lulaporminasgerais https://tco/‰Û_';;
'rt @ptnosenado: @ptbrasil lanÌ¤a campanha para apoiar caravanas colabore: https://tco/il8a73rjsh  https://tco/ndrgkf9vdz';;
'grupo linhas do horizonte atua politicamente bordando faixas e estandartes contra o golpe https://tco/6uy7cljf0a ';;
'rt @dilmaresiste: melÌ« do coxinha  #lulaporminasgerais eu avisei, coxinha nÌ£o reclama ‰ª» vocÌ» vai se fu* deixa pra lÌÁ,‰Û_ ';;
'grupo linhas do horizonte atua politicamente bordando faixas e estandartes contra o golpe https://tco/70y4hhp6zx ';;
'rt @dilmaresiste: o ÌÁudio da entrevista de tacla duran com wadih e paulo pimenta  #lulaporminasgerais #dr dilma https://t‰Û_';;
'rt @dilmaresiste: qual deles Ì© o mais evoluÌ_do eu saberia dizer qual Ì© o mais primitivo  #lulaporminasgerais https://tco/‰Û_';;
'rt @dilmaresiste: melÌ« do coxinha  #lulaporminasgerais eu avisei, coxinha nÌ£o reclama ‰ª» vocÌ» vai se fu* deixa pra lÌÁ,‰Û_ ';;
'rt @grokiw: @conversaafiada @letrasmari um mundo sem globo Ì© necessÌÁrio,  dilma ÌÊ tv 247  lei da mÌ_dia democrÌÁti‰Û_ ';;
'rt @dilmaresiste: Ì© a polÌ_tica do pÌ£o-e-circo o povo precisa se manter imbecilizado para a manipulaÌ¤Ì£o de poderosos ‰Û_ ';;
'rt @ptbrasil: #contribuaparaumbrasildepaz e colabore com o financiamento da caravana de  https://tco/hxys5hqukv https://tc‰Û_';;
'rt @dilmaresiste: Ì© a polÌ_tica do pÌ£o-e-circo o povo precisa se manter imbecilizado para a manipulaÌ¤Ì£o de poderosos ‰Û_ ';;
'rt @dilmaresiste: melÌ« do coxinha  #lulaporminasgerais eu avisei, coxinha nÌ£o reclama ‰ª» vocÌ» vai se fu* deixa pra lÌÁ,‰Û_ ';;
'rt @dilmaresiste: Ì© a polÌ_tica do pÌ£o-e-circo o povo precisa se manter imbecilizado para a manipulaÌ¤Ì£o de poderosos ‰Û_ ';;
'bora ajudar a caravana campanha de arrecadaÌ¤Ì£o online da caravana  acesse: https://tco/w5xfcccaqg';;
'rt @dilmaresiste: qual deles Ì© o mais evoluÌ_do eu saberia dizer qual Ì© o mais primitivo  #lulaporminasgerais https://tco/‰Û_';;
'rt @dilmaresiste: melÌ« do coxinha  #lulaporminasgerais eu avisei, coxinha nÌ£o reclama ‰ª» vocÌ» vai se fu* deixa pra lÌÁ,‰Û_ ';;
'rt @dilmaresiste: Ì© a polÌ_tica do pÌ£o-e-circo o povo precisa se manter imbecilizado para a manipulaÌ¤Ì£o de poderosos ‰Û_ ';;
'@dilmaresiste @lulapelobrasil @turquim5 @enfanaleao @mariaterezanav1 @aweiser278 @tadeu_alves @terezaneuman1 @jeansena @seoade darcy brizola e'
'bora ajudar a caravana campanha de arrecadaÌ¤Ì£o online da caravana  acesse: https://tco/w5xfcccaqg via @ptnacamara https://tco/hqo2lhyjn3';;
'@dilmaresiste @mavsampaio @opiniaoaberta @adrianasscamar1 @belle_ckbbio @castrofor @bobjackk @rommulus_ @sandman998 @fcomontec eu saberia dize'
'rt @turquim5: bora ajudar a caravana campanha de arrecadaÌ¤Ì£o online da caravana  acesse:‰Û_ ';;
'rt @dilmaresiste: qual deles Ì© o mais evoluÌ_do eu saberia dizer qual Ì© o mais primitivo  #lulaporminasgerais https://tco/‰Û_';;
'@souguereira @lulapelobrasil faÌ¤a a sua contribuiÌ¤Ì£o essa Ì© a hora de ajudar quem tanto nos ajudou   https://tco/3duijhlivx';;
'@souguereira @lulapelobrasil quero contribuir, nÌ£o Ì© ajudar mas sem pagar royalties a adm de cartÌ£o boleto ou dep em conta     https://tco/'
'rt @souguereira: eu contribuÌ_ e faÌ¤o parte dessa histÌ_ria -  https://tco/sv9vhnl2ri #caravana ';;
'rt @dilmaresiste: melÌ« do coxinha  #lulaporminasgerais eu avisei, coxinha nÌ£o reclama ‰ª» vocÌ» vai se fu* deixa pra lÌÁ,‰Û_ ';;
'@souguereira @lulapelobrasil nÌ£o Ì© ajudar, Ì© contribuir com a luta  sem pagar adm de cartÌ£o  boleto ou depÌ_sito em conta   https://tco/3d'
'rt @turquim5: bora ajudar a caravana campanha de arrecadaÌ¤Ì£o online da caravana  acesse:‰Û_ ';;
'rt @dilmaresiste: melÌ« do coxinha  #lulaporminasgerais eu avisei, coxinha nÌ£o reclama ‰ª» vocÌ» vai se fu* deixa pra lÌÁ,‰Û_ ';;
'retweeted dilma resistente (@dilmaresiste):  melÌ« do coxinha  #lulaporminasgerais eu avisei, https://tco/glhv6pfoe4';;
'rt @dilmaresiste: melÌ« do coxinha  #lulaporminasgerais eu avisei, coxinha nÌ£o reclama ‰ª» vocÌ» vai se fu* deixa pra lÌÁ,‰Û_ ';;
'rt @turquim5: bora ajudar a caravana campanha de arrecadaÌ¤Ì£o online da caravana  acesse:‰Û_ ';;
'bello texto de @midianinja @brasil_de_fato y @j_livres sobre la caravana de @lulapelobrasil  https://tco/4lmikx6u2p';;
'rt @souguereira: #lula2018  faÌ¤a a sua contribuiÌ¤Ì£o essa Ì© a hora de ajudar quem tanto nos ajudou   https://tco/kdap8xxlyy';;
'rt @dilmaresiste: Ì© a polÌ_tica do pÌ£o-e-circo o povo precisa se manter imbecilizado para a manipulaÌ¤Ì£o de poderosos ‰Û_ ';;
'rt @andretelesur: bello texto de @midianinja @brasil_de_fato y @j_livres sobre la caravana de @lulapelobrasil  https://tco‰Û_';;
'rt @turquim5: bora ajudar a caravana campanha de arrecadaÌ¤Ì£o online da caravana  acesse:‰Û_ ';;
'rt @souguereira: #lula2018  faÌ¤a a sua contribuiÌ¤Ì£o essa Ì© a hora de ajudar quem tanto nos ajudou   https://tco/kdap8xxlyy';;
'rt @turquim5: bora ajudar a caravana campanha de arrecadaÌ¤Ì£o online da caravana  acesse:‰Û_ ';;
'rt @souguereira: #lula2018  faÌ¤a a sua contribuiÌ¤Ì£o essa Ì© a hora de ajudar quem tanto nos ajudou   https://tco/kdap8xxlyy';;
'rt @andretelesur: bello texto de @midianinja @brasil_de_fato y @j_livres sobre la caravana de @lulapelobrasil  https://tco‰Û_';;
'rt @turquim5: bora ajudar a caravana campanha de arrecadaÌ¤Ì£o online da caravana  acesse:‰Û_ ';;
'eu contribuÌ_ e faÌ¤o parte dessa histÌ_ria -  https://tco/f1mbwahj8y #caravana ';;
'rt @leila_argollo: morrer no brasil pela cor da pele https://tco/jyeprehkte   #resistenciazedirceu';;
'rt @turquim5: bora ajudar a caravana campanha de arrecadaÌ¤Ì£o online da caravana  acesse:‰Û_ ';;
'rt @turquim5: bora ajudar a caravana campanha de arrecadaÌ¤Ì£o online da caravana  acesse:‰Û_ ';;
'   https://tco/j7gxsfk6wm';;
'rt @turquim5: bora ajudar a caravana campanha de arrecadaÌ¤Ì£o online da caravana  acesse:‰Û_ ';;
'rt @dilmaresiste: melÌ« do coxinha  #lulaporminasgerais eu avisei, coxinha nÌ£o reclama ‰ª» vocÌ» vai se fu* deixa pra lÌÁ,‰Û_ ';;
'rt @dilmaresiste: Ì© a polÌ_tica do pÌ£o-e-circo o povo precisa se manter imbecilizado para a manipulaÌ¤Ì£o de poderosos ‰Û_ ';;
'rt @andretelesur: bello texto de @midianinja @brasil_de_fato y @j_livres sobre la caravana de @lulapelobrasil  https://tco‰Û_';;
'rt andretelesur: bello texto de midianinja brasil_de_fato y j_livres sobre la caravana de lulapelobrasil ';;
'rt @dilmaresiste: ministro reduz salÌÁrio mÌ_nimo para 2018 e diz: o povo precisa ajudar  #lulaporminasgerais #dr https:‰Û_';;
'rt @dilmaresiste: melÌ« do coxinha  #lulaporminasgerais eu avisei, coxinha nÌ£o reclama ‰ª» vocÌ» vai se fu* deixa pra lÌÁ,‰Û_ ';;
'rt @dilmaresiste: melÌ« do coxinha  #lulaporminasgerais eu avisei, coxinha nÌ£o reclama ‰ª» vocÌ» vai se fu* deixa pra lÌÁ,‰Û_ ';;
'rt @turquim5: bora ajudar a caravana campanha de arrecadaÌ¤Ì£o online da caravana  acesse:‰Û_ ';;
'rt @leila_argollo: morrer no brasil pela cor da pele https://tco/jyeprehkte   #resistenciazedirceu';;
'rt @dilmaresiste: deputados da inglaterra, escÌ_cia e eua dizem que moro Ì© alinhado com psdb/pmdb  https://tco/ckdwbivcad';;
'rt @dilmaresiste: Ì© a polÌ_tica do pÌ£o-e-circo o povo precisa se manter imbecilizado para a manipulaÌ¤Ì£o de poderosos ‰Û_ ';;
'rt @dilmaresiste: Ì© a polÌ_tica do pÌ£o-e-circo o povo precisa se manter imbecilizado para a manipulaÌ¤Ì£o de poderosos ‰Û_ ';;
'rt @andretelesur: bello texto de @midianinja @brasil_de_fato y @j_livres sobre la caravana de @lulapelobrasil  https://tco‰Û_';;
'temer assume agenda das multinacionais do petrÌ_leo e desgraÌ¤a o brasil  #lulaporminasgerais #dr https://tco/g76m7ktjmf';;
'rt @dilmaresiste: temer assume agenda das multinacionais do petrÌ_leo e desgraÌ¤a o brasil  #lulaporminasgerais #dr https:/‰Û_';;
'rt @dilmaresiste: melÌ« do coxinha  #lulaporminasgerais eu avisei, coxinha nÌ£o reclama ‰ª» vocÌ» vai se fu* deixa pra lÌÁ,‰Û_ ';;
'rt @dilmaresiste: temer assume agenda das multinacionais do petrÌ_leo e desgraÌ¤a o brasil  #lulaporminasgerais #dr https:/‰Û_';;
'rt @dilmaresiste: temer assume agenda das multinacionais do petrÌ_leo e desgraÌ¤a o brasil  #lulaporminasgerais #dr https:/‰Û_';;
'rt @dilmaresiste: Ì© a polÌ_tica do pÌ£o-e-circo o povo precisa se manter imbecilizado para a manipulaÌ¤Ì£o de poderosos ‰Û_ ';;
'rt @paulimbh: vai de vento em popa o reconhecimento medroso do peso do , e a busca desesperada de um macron tupini‰Û_ ';;
'esse Ì© o nosso  https://tco/rjin9zc9aa';;
'rt @annalugama: campanha de financiamento coletivo para a caravana  seja companheiro faÌ¤a sua doaÌ¤Ì£o online, acesse‰Û_ ';;
'rt @deputadofederal: lula Ì© culpado  https://tco/amg37lwmws';;
'rt @paulimbh: esse Ì© o nosso  https://tco/rjin9zc9aa';;
'rt @dilmaresiste: melÌ« do coxinha  #lulaporminasgerais eu avisei, coxinha nÌ£o reclama ‰ª» vocÌ» vai se fu* deixa pra lÌÁ,‰Û_ ';;
'rt @dilmaresiste: melÌ« do coxinha  #lulaporminasgerais eu avisei, coxinha nÌ£o reclama ‰ª» vocÌ» vai se fu* deixa pra lÌÁ,‰Û_ ';;
'rt @dilmaresiste: melÌ« do coxinha  #lulaporminasgerais eu avisei, coxinha nÌ£o reclama ‰ª» vocÌ» vai se fu* deixa pra lÌÁ,‰Û_ ';;
'rt @ptbrasil: #contribuaparaumbrasildepaz e colabore com o financiamento da caravana de  https://tco/hxys5hqukv https://tc‰Û_';;
'rt @andretelesur: bello texto de @midianinja @brasil_de_fato y @j_livres sobre la caravana de @lulapelobrasil  https://tco‰Û_';;
'rt @inst_lula: despedida da caravana #lulaporminasgerais mobiliza e emociona milhares de pessoas em belo horizonte  https:/‰Û_';;
'rt @dilmaresiste: qual deles Ì© o mais evoluÌ_do eu saberia dizer qual Ì© o mais primitivo  #lulaporminasgerais https://tco/‰Û_';;
'rt @dilmaresiste: qual deles Ì© o mais evoluÌ_do eu saberia dizer qual Ì© o mais primitivo  #lulaporminasgerais https://tco/‰Û_';;
'rt @dilmaresiste: Ì© a polÌ_tica do pÌ£o-e-circo o povo precisa se manter imbecilizado para a manipulaÌ¤Ì£o de poderosos ‰Û_ ';;
'rt @dilmaresiste: melÌ« do coxinha  #lulaporminasgerais eu avisei, coxinha nÌ£o reclama ‰ª» vocÌ» vai se fu* deixa pra lÌÁ,‰Û_ ';;
'rt @andretelesur: bello texto de @midianinja @brasil_de_fato y @j_livres sobre la caravana de @lulapelobrasil  https://tco‰Û_';;
'rt @dilmaresiste: melÌ« do coxinha  #lulaporminasgerais eu avisei, coxinha nÌ£o reclama ‰ª» vocÌ» vai se fu* deixa pra lÌÁ,‰Û_ ';;
'rt @andretelesur: bello texto de @midianinja @brasil_de_fato y @j_livres sobre la caravana de @lulapelobrasil  https://tco‰Û_';;
'rt @dilmaresiste: Ì© a polÌ_tica do pÌ£o-e-circo o povo precisa se manter imbecilizado para a manipulaÌ¤Ì£o de poderosos ‰Û_ ';;
'rt @dilmaresiste: Ì© a polÌ_tica do pÌ£o-e-circo o povo precisa se manter imbecilizado para a manipulaÌ¤Ì£o de poderosos ‰Û_ ';;
'rt @dilmaresiste: Ì© a polÌ_tica do pÌ£o-e-circo o povo precisa se manter imbecilizado para a manipulaÌ¤Ì£o de poderosos ‰Û_ ';;
'rt @dilmaresiste: Ì© a polÌ_tica do pÌ£o-e-circo o povo precisa se manter imbecilizado para a manipulaÌ¤Ì£o de poderosos ‰Û_ ';;
'rt @dilmaresiste: qual deles Ì© o mais evoluÌ_do eu saberia dizer qual Ì© o mais primitivo  #lulaporminasgerais https://tco/‰Û_';;
'rt @dilmaresiste: no aniversÌÁrio de 72 anos de lula essa garota gravou esse depoimento  #lulaporminasgerais na Ì_ntegra‰Û_ ';;
'eu contribuÌ_ e faÌ¤o parte dessa histÌ_ria -  https://tco/9rvu8czdri #caravana ';;